__id,label,choice_name,project_label,project_abbr,project_area_name,crs,geohash,sample_status,geometry,stratum_label,marker-color,vegplot_linked,replicate,survey_year,__createdAt,__creatorId,__creatorName,__updates,__updatedAt,__version
9b4a3681-b610-42f8-abbe-a5fb4da4892a,SavMon_LW_Plot_46 (backup),SavMon_LW_Plot_46,Savanna Monitoring Pilot,savmon,savmon_lw_plot,epsg:4326,sb49t30,backup,0.2693616 37.4967625 971 1,savanna,#c8cbcc,yes,baseline,2026,2026-05-21T14:50:34.652Z,190,admin2@example.org,1,2026-05-22T14:40:03.512Z,2
6f9fe42d-d061-4c2c-918f-ab2a4d82d150,SavMon_LW_Plot_45 (backup),SavMon_LW_Plot_45,Savanna Monitoring Pilot,savmon,savmon_lw_plot,epsg:4326,sb49hzw,backup,0.2182889 37.4838094 976 1,savanna,#bae0db,,baseline,2026,2026-05-21T14:50:34.651Z,190,admin2@example.org,0,,1
b835587e-f41c-4050-801a-ce59ca85e657,SavMon_LW_Plot_44 (backup),SavMon_LW_Plot_44,Savanna Monitoring Pilot,savmon,savmon_lw_plot,epsg:4326,sb497cq,backup,0.2266391 37.4397295 978 1,savanna,#bae0db,,baseline,2026,2026-05-21T14:50:34.651Z,190,admin2@example.org,0,,1
99b4f646-5025-4c30-b39f-51aa604373f4,SavMon_LW_Plot_43 (backup),SavMon_LW_Plot_43,Savanna Monitoring Pilot,savmon,savmon_lw_plot,epsg:4326,sb49749,backup,0.2342764 37.4001234 982 1,savanna,#bae0db,,baseline,2026,2026-05-21T14:50:34.651Z,190,admin2@example.org,0,,1
112588c7-1324-413f-a2c9-a4b2cec98c0b,SavMon_LW_Plot_42 (backup),SavMon_LW_Plot_42,Savanna Monitoring Pilot,savmon,savmon_lw_plot,epsg:4326,sb49hzf,backup,0.2196365 37.4780622 977 1,savanna,#bae0db,,baseline,2026,2026-05-21T14:50:34.651Z,190,admin2@example.org,0,,1
bc6e97c7-8bfe-4351-b0aa-d91638c297d8,SavMon_LW_Plot_41 (backup),SavMon_LW_Plot_41,Savanna Monitoring Pilot,savmon,savmon_lw_plot,epsg:4326,sb497en,backup,0.2364091 37.4288058 977 1,savanna,#bae0db,,baseline,2026,2026-05-21T14:50:34.651Z,190,admin2@example.org,0,,1
7fa5f4ec-318b-4ad4-90d0-b4adca4ed218,SavMon_LW_Plot_40 (backup),SavMon_LW_Plot_40,Savanna Monitoring Pilot,savmon,savmon_lw_plot,epsg:4326,sb49614,backup,0.2260456 37.3568228 981 1,savanna,#bae0db,,baseline,2026,2026-05-21T14:50:34.651Z,190,admin2@example.org,0,,1
0d0f796b-1070-4e85-b947-11cba2c8b7e6,SavMon_LW_Plot_39 (backup),SavMon_LW_Plot_39,Savanna Monitoring Pilot,savmon,savmon_lw_plot,epsg:4326,sb497ez,backup,0.2405294 37.4294111 977 1,savanna,#bae0db,,baseline,2026,2026-05-21T14:50:34.651Z,190,admin2@example.org,0,,1
40014650-2ec1-4be5-b929-b0b9cacdedca,SavMon_LW_Plot_38 (backup),SavMon_LW_Plot_38,Savanna Monitoring Pilot,savmon,savmon_lw_plot,epsg:4326,sb496fg,backup,0.2357106 37.3911804 980 1,savanna,#bae0db,,baseline,2026,2026-05-21T14:50:34.651Z,190,admin2@example.org,0,,1
fdd03214-7ef1-495c-a7f7-f9905b0ac699,SavMon_LW_Plot_37 (backup),SavMon_LW_Plot_37,Savanna Monitoring Pilot,savmon,savmon_lw_plot,epsg:4326,sb49t1b,backup,0.2743851 37.4865113 973 1,savanna,#bae0db,,baseline,2026,2026-05-21T14:50:34.651Z,190,admin2@example.org,0,,1
5fc30b9c-edc3-410d-8eb9-e9eceb8526dc,SavMon_LW_Plot_29 (primary),SavMon_LW_Plot_29,Savanna Monitoring Pilot,savmon,savmon_lw_plot,epsg:4326,sb49k3q,primary,0.2266384 37.4607767 977 1,savanna,#c8cbcc,yes,baseline,2026,2026-05-21T14:50:34.651Z,190,admin2@example.org,1,2026-05-26T09:21:18.084Z,2
199afebb-92ab-4fa5-bda0-b3ff4d3f6c4c,SavMon_LW_Plot_28 (primary),SavMon_LW_Plot_28,Savanna Monitoring Pilot,savmon,savmon_lw_plot,epsg:4326,sb4974s,primary,0.2341812 37.4033148 979 1,savanna,#c8cbcc,yes,baseline,2026,2026-05-21T14:50:34.651Z,190,admin2@example.org,1,2026-05-23T13:36:08.459Z,2
b58271e9-c6d1-44f9-9286-0245b2e30a69,SavMon_LW_Plot_27 (primary),SavMon_LW_Plot_27,Savanna Monitoring Pilot,savmon,savmon_lw_plot,epsg:4326,sb49jps,primary,0.2174808 37.4914745 977 1,savanna,#c8cbcc,yes,baseline,2026,2026-05-21T14:50:34.651Z,190,admin2@example.org,1,2026-05-22T11:40:58.612Z,2
fb648edf-3606-4436-8f7d-9e8083e47744,SavMon_LW_Plot_26 (primary),SavMon_LW_Plot_26,Savanna Monitoring Pilot,savmon,savmon_lw_plot,epsg:4326,sb49jpd,primary,0.2175760 37.4882832 976 1,savanna,#c8cbcc,yes,baseline,2026,2026-05-21T14:50:34.651Z,190,admin2@example.org,1,2026-05-22T09:00:57.639Z,2
9c3b305a-542d-4b5c-ad4d-fd1ca26cf5a4,SavMon_LW_Plot_25 (primary),SavMon_LW_Plot_25,Savanna Monitoring Pilot,savmon,savmon_lw_plot,epsg:4326,sb495zu,primary,0.2190201 37.4372502 978 1,savanna,#c8cbcc,yes,baseline,2026,2026-05-21T14:50:34.650Z,190,admin2@example.org,1,2026-05-25T13:20:10.039Z,2
b3abd35a-ee0e-4149-86b8-c0d41dc545b8,SavMon_LW_Plot_24 (primary),SavMon_LW_Plot_24,Savanna Monitoring Pilot,savmon,savmon_lw_plot,epsg:4326,sb49763,primary,0.2333732 37.4109799 980 1,savanna,#c8cbcc,yes,baseline,2026,2026-05-21T14:50:34.650Z,190,admin2@example.org,1,2026-05-24T09:03:20.117Z,2
b4bc7234-ca9b-4aeb-81ea-4fc30142306d,SavMon_LW_Plot_23 (primary),SavMon_LW_Plot_23,Savanna Monitoring Pilot,savmon,savmon_lw_plot,epsg:4326,sb49kgq,primary,0.2378282 37.4830092 974 1,savanna,#c8cbcc,yes,baseline,2026,2026-05-21T14:50:34.650Z,190,admin2@example.org,1,2026-05-22T08:30:57.165Z,2
da09c7a5-a9ba-49c8-9e74-7d262e6b7eb4,SavMon_LW_Plot_21 (primary),SavMon_LW_Plot_21,Savanna Monitoring Pilot,savmon,savmon_lw_plot,epsg:4326,sb49k35,primary,0.2255586 37.4569639 981 1,savanna,#c8cbcc,yes,baseline,2026,2026-05-21T14:50:34.650Z,190,admin2@example.org,1,2026-05-26T07:43:56.141Z,2
fd58af75-587c-4635-a7ca-1fd24ee00b2f,SavMon_LW_Plot_20 (primary),SavMon_LW_Plot_20,Savanna Monitoring Pilot,savmon,savmon_lw_plot,epsg:4326,sb497dd,primary,0.2347983 37.4230795 978 1,savanna,#c8cbcc,yes,baseline,2026,2026-05-21T14:50:34.650Z,190,admin2@example.org,1,2026-05-24T10:05:09.811Z,2
660f5446-1622-40f1-b3b0-0d2dcf623530,SavMon_LW_Plot_19 (primary),SavMon_LW_Plot_19,Savanna Monitoring Pilot,savmon,savmon_lw_plot,epsg:4326,sb49jpy,primary,0.2191868 37.4940094 975 1,savanna,#c8cbcc,yes,baseline,2026,2026-05-21T14:50:34.650Z,190,admin2@example.org,1,2026-05-22T13:12:57.727Z,2
477053f7-b110-411b-abe4-5b6aadf57ab0,SavMon_LW_Plot_18 (primary),SavMon_LW_Plot_18,Savanna Monitoring Pilot,savmon,savmon_lw_plot,epsg:4326,sb497bw,primary,0.2225142 37.4391335 978 1,savanna,#c8cbcc,yes,baseline,2026,2026-05-21T14:50:34.650Z,190,admin2@example.org,1,2026-05-25T17:47:53.528Z,2
1d979a81-a11a-43de-85de-7367754879ba,SavMon_LW_Plot_17 (primary),SavMon_LW_Plot_17,Savanna Monitoring Pilot,savmon,savmon_lw_plot,epsg:4326,sb496dm,primary,0.2324023 37.3829238 981 1,savanna,#c8cbcc,yes,baseline,2026,2026-05-21T14:50:34.650Z,190,admin2@example.org,1,2026-05-23T08:32:12.562Z,2
40b5b142-18e5-45da-afa8-4837f520f2cf,SavMon_LW_Plot_16 (primary),SavMon_LW_Plot_16,Savanna Monitoring Pilot,savmon,savmon_lw_plot,epsg:4326,sb49hzv,primary,0.2195459 37.4812442 978 1,savanna,#c8cbcc,yes,baseline,2026,2026-05-21T14:50:34.650Z,190,admin2@example.org,1,2026-05-27T07:38:16.893Z,2
d20f4c50-e5e8-46d7-9b55-2228ff5f92fb,SavMon_LW_Plot_15 (primary),SavMon_LW_Plot_15,Savanna Monitoring Pilot,savmon,savmon_lw_plot,epsg:4326,sb497ds,primary,0.2347116 37.4262754 976 1,savanna,#c8cbcc,yes,baseline,2026,2026-05-21T14:50:34.650Z,190,admin2@example.org,1,2026-05-24T11:57:22.331Z,2
8ec46daa-1087-4d15-b103-f34f36089718,SavMon_LW_Plot_13 (primary),SavMon_LW_Plot_13,Savanna Monitoring Pilot,savmon,savmon_lw_plot,epsg:4326,sb496fx,primary,0.2343585 37.3969368 979 1,savanna,#c8cbcc,yes,baseline,2026,2026-05-21T14:50:34.650Z,190,admin2@example.org,1,2026-05-23T09:40:35.120Z,2
d5645424-6bd7-4ccb-8c86-821984f00e5c,SavMon_LW_Plot_11 (primary),SavMon_LW_Plot_11,Savanna Monitoring Pilot,savmon,savmon_lw_plot,epsg:4326,sb49k86,primary,0.2223278 37.4665541 977 1,savanna,#c8cbcc,yes,baseline,2026,2026-05-21T14:50:34.649Z,190,admin2@example.org,1,2026-05-26T13:30:43.805Z,2
a9736eb5-344d-4615-8f2e-e73f38e4e124,SavMon_LW_Plot_07 (primary),SavMon_LW_Plot_07,Savanna Monitoring Pilot,savmon,savmon_lw_plot,epsg:4326,sb497dp,primary,0.2316580 37.4294877 979 1,savanna,#c8cbcc,yes,baseline,2026,2026-05-21T14:50:34.649Z,190,admin2@example.org,1,2026-05-24T13:27:38.725Z,2
6af30a65-e02d-41ca-ad67-c426c219db54,SavMon_LW_Plot_06 (primary),SavMon_LW_Plot_06,Savanna Monitoring Pilot,savmon,savmon_lw_plot,epsg:4326,sb49665,primary,0.2315995 37.3695323 981 1,savanna,#c8cbcc,yes,baseline,2026,2026-05-21T14:50:34.649Z,190,admin2@example.org,1,2026-05-23T06:36:19.619Z,2
68a92b1d-cd91-42f8-a4ac-582d2b2d3e30,SavMon_LW_Plot_05 (primary),SavMon_LW_Plot_05,Savanna Monitoring Pilot,savmon,savmon_lw_plot,epsg:4326,sb49t1d,primary,0.2731281 37.4890765 972 1,savanna,#c8cbcc,yes,baseline,2026,2026-05-21T14:50:34.649Z,190,admin2@example.org,1,2026-05-22T06:25:06.902Z,2
eab2feb8-72b1-491f-9223-ad5285d2d6db,SavMon_LW_Plot_04 (primary),SavMon_LW_Plot_04,Savanna Monitoring Pilot,savmon,savmon_lw_plot,epsg:4326,sb497ch,primary,0.2255678 37.4359212 980 1,savanna,#c8cbcc,yes,baseline,2026,2026-05-21T14:50:34.649Z,190,admin2@example.org,1,2026-05-24T14:51:19.987Z,2
449006e8-3cda-4659-b7db-b892d3aa0320,SavMon_LW_Plot_02 (primary),SavMon_LW_Plot_02,Savanna Monitoring Pilot,savmon,savmon_lw_plot,epsg:4326,sb4974w,primary,0.2340861 37.4065061 980 1,savanna,#c8cbcc,yes,baseline,2026,2026-05-21T14:50:34.649Z,190,admin2@example.org,1,2026-05-24T07:01:01.761Z,2
1de06e5f-ffea-4859-a9ea-d8892e47a9bf,SavMon_LW_Plot_01 (primary),SavMon_LW_Plot_01,Savanna Monitoring Pilot,savmon,savmon_lw_plot,epsg:4326,sb49741,primary,0.2313134 37.4001536 980 1,savanna,#c8cbcc,yes,baseline,2026,2026-05-21T14:50:34.648Z,190,admin2@example.org,1,2026-05-23T12:02:38.120Z,2
810aa56e-e50a-44ab-9ab8-42d1552c349a,SavMon_LW_Plot_03 (primary),SavMon_LW_Plot_03,Savanna Monitoring Pilot,savmon,savmon_lw_plot,epsg:4326,sb49kb3,primary,0.2220553 37.4761233 976 1,savanna,#c8cbcc,yes,baseline,,2026-05-18T18:49:46.028Z,191,admin3@example.org,1,2026-05-20T16:37:09.959Z,2
1920716b-0cc6-42b0-8ebf-90ece20050df,SavMon_LW_Plot_08 (primary),SavMon_LW_Plot_08,Savanna Monitoring Pilot,savmon,savmon_lw_plot,epsg:4326,sb4961k,primary,0.2277470 37.3593671 980 1,savanna,#c8cbcc,yes,baseline,,2026-05-18T18:49:46.027Z,191,admin3@example.org,1,2026-05-19T15:48:44.821Z,2
0dc3e2bd-b285-42d5-b047-ac5172a3b61b,SavMon_LW_Plot_09 (primary),SavMon_LW_Plot_09,Savanna Monitoring Pilot,savmon,savmon_lw_plot,epsg:4326,sb49mh4,primary,0.2423936 37.4887007 974 1,savanna,#c8cbcc,yes,baseline,,2026-05-18T18:49:46.027Z,191,admin3@example.org,1,2026-05-21T11:46:33.283Z,2
9dd50ef0-e5d2-4897-b6db-0c5804373b86,SavMon_LW_Plot_10 (primary),SavMon_LW_Plot_10,Savanna Monitoring Pilot,savmon,savmon_lw_plot,epsg:4326,sb49jrf,primary,0.2196273 37.4991049 976 1,savanna,#c8cbcc,yes,baseline,,2026-05-18T18:49:46.027Z,191,admin3@example.org,1,2026-05-21T08:27:05.552Z,2
887b967e-cfda-42f9-9762-85838f49c6c7,SavMon_LW_Plot_12 (primary),SavMon_LW_Plot_12,Savanna Monitoring Pilot,savmon,savmon_lw_plot,epsg:4326,sb4963y,primary,0.2297163 37.3733754 980 1,savanna,#c8cbcc,yes,baseline,,2026-05-18T18:49:46.027Z,191,admin3@example.org,1,2026-05-19T16:15:57.435Z,2
af3dc968-e531-4f35-894a-a57c843c3a9a,SavMon_LW_Plot_14 (primary),SavMon_LW_Plot_14,Savanna Monitoring Pilot,savmon,savmon_lw_plot,epsg:4326,sb49m2h,primary,0.2207025 37.5029270 975 1,savanna,#c8cbcc,yes,baseline,,2026-05-18T18:49:46.027Z,191,admin3@example.org,1,2026-05-21T09:49:22.027Z,2
042bc8a0-b02c-4046-bd2e-4efb8a8d655d,SavMon_LW_Plot_22 (primary),SavMon_LW_Plot_22,Savanna Monitoring Pilot,savmon,savmon_lw_plot,epsg:4326,sb49k8x,primary,0.2233124 37.4735582 978 1,savanna,#c8cbcc,yes,baseline,,2026-05-18T18:49:46.027Z,191,admin3@example.org,1,2026-05-20T16:09:32.199Z,2
8c172f11-fdb2-47bf-8c0b-1f34cd071afb,SavMon_LW_Plot_30 (primary),SavMon_LW_Plot_30,Savanna Monitoring Pilot,savmon,savmon_lw_plot,epsg:4326,sb49m20,primary,0.2208843 37.4965398 975 1,savanna,#c8cbcc,yes,baseline,,2026-05-18T18:49:46.027Z,191,admin3@example.org,1,2026-05-20T16:59:12.150Z,2
7a0d8b93-b9b8-479c-a690-026ae83ec611,SavMon_LW_Plot_31 (primary),SavMon_LW_Plot_31,Savanna Monitoring Pilot,savmon,savmon_lw_plot,epsg:4326,sb49jxz,primary,0.2197087 37.5169656 972 1,shrubland,#322bb3,,baseline,,2026-05-18T18:49:46.027Z,191,admin3@example.org,0,,1
3d9e5124-f818-47d3-aae3-e5c237a244b0,SavMon_LW_Plot_32 (primary),SavMon_LW_Plot_32,Savanna Monitoring Pilot,savmon,savmon_lw_plot,epsg:4326,sb49me7,primary,0.2381729 37.5123433 974 1,shrubland,#322bb3,,baseline,,2026-05-18T18:49:46.027Z,191,admin3@example.org,0,,1
513262f8-7b1d-42c4-921c-9377f26d9306,SavMon_LW_Plot_33 (primary),SavMon_LW_Plot_33,Savanna Monitoring Pilot,savmon,savmon_lw_plot,epsg:4326,sb49m7z,primary,0.2406869 37.5072130 974 1,shrubland,#322bb3,,baseline,,2026-05-18T18:49:46.027Z,191,admin3@example.org,0,,1
ed4c4b99-e563-4763-9141-0fb4d333975f,SavMon_LW_Plot_34 (primary),SavMon_LW_Plot_34,Savanna Monitoring Pilot,savmon,savmon_lw_plot,epsg:4326,sb49tev,primary,0.2853977 37.5151218 971 1,shrubland,#322bb3,,baseline,,2026-05-18T18:49:46.026Z,191,admin3@example.org,0,,1
ec3f32fb-b1ad-4d4d-ac8b-56ebc96178e6,SavMon_LW_Plot_35 (primary),SavMon_LW_Plot_35,Savanna Monitoring Pilot,savmon,savmon_lw_plot,epsg:4326,sb49mw8,primary,0.2566370 37.5077210 970 1,shrubland,#322bb3,,baseline,,2026-05-18T18:49:46.026Z,191,admin3@example.org,0,,1
f9ff2e56-32b4-4512-8aaf-82b373ad1ef4,SavMon_LW_Plot_36 (primary),SavMon_LW_Plot_36,Savanna Monitoring Pilot,savmon,savmon_lw_plot,epsg:4326,sb49tdk,primary,0.2771525 37.5139204 971 1,shrubland,#322bb3,,baseline,,2026-05-18T18:49:46.026Z,191,admin3@example.org,0,,1
25d70efd-1b17-4476-bb77-fce207913d49,SavMon_LW_Plot_47 (backup),SavMon_LW_Plot_47,Savanna Monitoring Pilot,savmon,savmon_lw_plot,epsg:4326,sb49mdh,backup,0.2316337 37.5136768 972 1,shrubland,#bae0db,,baseline,,2026-05-18T18:49:46.026Z,191,admin3@example.org,0,,1
5596dd8b-7613-4994-ac44-c777e114b87e,SavMon_LW_Plot_48 (backup),SavMon_LW_Plot_48,Savanna Monitoring Pilot,savmon,savmon_lw_plot,epsg:4326,sb49mw3,backup,0.2542142 37.5096460 970 1,shrubland,#bae0db,,baseline,,2026-05-18T18:49:46.024Z,191,admin3@example.org,0,,1
2291b259-2230-4f18-b408-dea96bfc5ec5,SavMon_LW_Plot_49 (backup),SavMon_LW_Plot_49,Savanna Monitoring Pilot,savmon,savmon_lw_plot,epsg:4326,sb49mxd,backup,0.2612930 37.5102304 970 1,shrubland,#bae0db,,baseline,,2026-05-18T18:49:46.024Z,191,admin3@example.org,0,,1
4ba077fe-f764-4e7d-a127-c47dda0de3b0,SavMon_LW_Plot_50 (backup),SavMon_LW_Plot_50,Savanna Monitoring Pilot,savmon,savmon_lw_plot,epsg:4326,sb49td4,backup,0.2754511 37.5113761 969 1,shrubland,#bae0db,,baseline,,2026-05-18T18:49:46.024Z,191,admin3@example.org,0,,1
5972b8d9-054a-4d0c-9f26-64941789a703,SavMon_LW_Plot_51 (backup),SavMon_LW_Plot_51,Savanna Monitoring Pilot,savmon,savmon_lw_plot,epsg:4326,sb49t84,backup,0.2642560 37.5102002 970 1,shrubland,#bae0db,,baseline,,2026-05-18T18:49:46.024Z,191,admin3@example.org,0,,1
