__id,label,scientific_name,vernacular_name,rank,kingdom,phylum,class,order,family,genus,sources,groups,gbif_taxon_key,global_taxon_id,__createdAt,__creatorId,__creatorName,__updates,__updatedAt,__version
8f471f55-d91c-4de8-9540-caf5c015a70a,Abrus precatorius,Abrus precatorius L.,,SPECIES,Plantae,Tracheophyta,Magnoliopsida,Fabales,Fabaceae,Abrus,gbif|powo,herbaceous,5348711,,2026-05-15T13:44:23.560Z,2684,svc-api@example.org,0,,1
b53b3d79-30f5-4ac3-995e-d1e00442200e,Abutilon angulatum,Abutilon angulatum (Guill. & Perr.) Mast.,,SPECIES,Plantae,Tracheophyta,Magnoliopsida,Malvales,Malvaceae,Abutilon,gbif|powo,herbaceous,7279613,,2026-05-15T13:44:23.560Z,2684,svc-api@example.org,0,,1
47335a90-d018-41ea-a193-cf3487820ba0,Acacia galpinii,Acacia galpinii Burtt Davy,,SPECIES,Plantae,Tracheophyta,Magnoliopsida,Fabales,Fabaceae,Senegalia,gbif,woody,2978696,,2026-05-15T13:44:23.484Z,2684,svc-api@example.org,0,,1
5e93a918-7e08-4174-a530-e066c7ff5e36,Acacia hebeclada,Acacia hebeclada DC.,,SPECIES,Plantae,Tracheophyta,Magnoliopsida,Fabales,Fabaceae,Vachellia,gbif,woody,2978752,,2026-05-15T13:44:23.483Z,2684,svc-api@example.org,0,,1
818cb3db-9fcb-42a8-8eb8-28fd146afa12,Acacia nigrescens,Acacia nigrescens Oliv.,,SPECIES,Plantae,Tracheophyta,Magnoliopsida,Fabales,Fabaceae,Senegalia,gbif,woody,2979282,,2026-05-15T13:44:23.482Z,2684,svc-api@example.org,0,,1
598f5233-8fd2-4ec7-81f6-a11a933fe058,Acacia karroo,Acacia karroo Hayne,,SPECIES,Plantae,Tracheophyta,Magnoliopsida,Fabales,Fabaceae,Vachellia,gbif,woody,2979128,,2026-05-15T13:44:23.481Z,2684,svc-api@example.org,0,,1
02c1e5d2-6305-4040-9ea4-1af2b45785f6,Acacia fleckii,Acacia fleckii Schinz,,SPECIES,Plantae,Tracheophyta,Magnoliopsida,Fabales,Fabaceae,Senegalia,gbif,woody,2979440,,2026-05-15T13:44:23.481Z,2684,svc-api@example.org,0,,1
53fbcec1-a4db-4e69-9bc2-4c3a3e86c9cd,Acacia erubescens,Acacia erubescens Welw. ex Oliv.,,SPECIES,Plantae,Tracheophyta,Magnoliopsida,Fabales,Fabaceae,Senegalia,gbif,woody,2978976,,2026-05-15T13:44:23.481Z,2684,svc-api@example.org,0,,1
3b97d619-c0cf-49cb-869e-91e2c7152214,Acacia tortilis,Acacia tortilis (Forssk.) Hayne,,SPECIES,Plantae,Tracheophyta,Magnoliopsida,Fabales,Fabaceae,Vachellia,gbif,woody,2979907,,2026-05-15T13:44:23.478Z,2684,svc-api@example.org,0,,1
ee966443-4e6d-4395-901c-0559958985f4,Acacia mellifera,Acacia mellifera (Vahl.) Benth.,,SPECIES,Plantae,Tracheophyta,Magnoliopsida,Fabales,Fabaceae,Senegalia,gbif,woody,2978254,,2026-05-15T13:44:23.477Z,2684,svc-api@example.org,0,,1
ca7ff7f3-0d42-4e97-8d8a-509a505244c8,Acalypha ornata,Acalypha ornata Hochst. ex A.Rich.,,SPECIES,Plantae,Tracheophyta,Magnoliopsida,Malpighiales,Euphorbiaceae,Acalypha,gbif|powo,woody,3056092,,2026-05-15T13:44:23.313Z,2684,svc-api@example.org,0,,1
1f5ec880-0bdd-4c57-b6bd-4dc2e4d2b6ea,Achyranthes aspera,Achyranthes aspera L.,,SPECIES,Plantae,Tracheophyta,Magnoliopsida,Caryophyllales,Amaranthaceae,Achyranthes,gbif|powo,herbaceous,3085168,,2026-05-15T13:44:23.310Z,2684,svc-api@example.org,0,,1
80009b35-590c-45bf-a17d-cf30c1dfbc4e,Acroceras macrum,Acroceras macrum Stapf,,SPECIES,Plantae,Tracheophyta,Liliopsida,Poales,Poaceae,Acroceras,gbif|powo,herbaceous,2705725,,2026-05-15T13:44:23.309Z,2684,svc-api@example.org,0,,1
0b5e5981-ab63-4100-ba71-f5ab16e4300f,Albizia harveyi,Albizia harveyi E.Fourn.,,SPECIES,Plantae,Tracheophyta,Magnoliopsida,Fabales,Fabaceae,Albizia,gbif|powo,woody,2973104,,2026-05-15T13:44:23.231Z,2684,svc-api@example.org,0,,1
068247cc-4101-401d-9b39-1d6478d9e07a,Adansonia digitata,Adansonia digitata L.,,SPECIES,Plantae,Tracheophyta,Magnoliopsida,Malvales,Malvaceae,Adansonia,gbif|powo,woody,5406695,,2026-05-15T13:44:23.229Z,2684,svc-api@example.org,0,,1
6026c60f-1ac7-4646-bdbe-f95d2559f549,Afzelia quanzensis,Afzelia quanzensis Welw.,,SPECIES,Plantae,Tracheophyta,Magnoliopsida,Fabales,Fabaceae,Afzelia,gbif|powo,woody,5358281,,2026-05-15T13:44:23.228Z,2684,svc-api@example.org,0,,1
d8427f0a-5c6e-4c0c-84f4-cd69e5a59a76,Albizia versicolor,Albizia versicolor Welw. ex Oliv.,,SPECIES,Plantae,Tracheophyta,Magnoliopsida,Fabales,Fabaceae,Albizia,gbif|powo,woody,2973017,,2026-05-15T13:44:23.228Z,2684,svc-api@example.org,0,,1
8f434f1c-82af-48c2-9e13-98a3c8e2f082,Aerva leucura,Aerva leucura Moq.,,SPECIES,Plantae,Tracheophyta,Magnoliopsida,Caryophyllales,Amaranthaceae,Ouret,gbif,herbaceous,3674001,,2026-05-15T13:44:23.227Z,2684,svc-api@example.org,0,,1
691a4b48-605a-409e-8a73-732bf4489ac0,Albizia anthelmintica,Albizia anthelmintica (A.Rich.) Brongn.,,SPECIES,Plantae,Tracheophyta,Magnoliopsida,Fabales,Fabaceae,Albizia,gbif|powo,woody,2973214,,2026-05-15T13:44:23.225Z,2684,svc-api@example.org,0,,1
647885f4-c5cf-432c-abf5-7824bf98d340,Adenia repanda,Adenia repanda (Burch.) Engl.,,SPECIES,Plantae,Tracheophyta,Magnoliopsida,Malpighiales,Passifloraceae,Adenia,gbif|powo,herbaceous,5527633,,2026-05-15T13:44:23.224Z,2684,svc-api@example.org,0,,1
aa5e37e6-4a75-4d05-97f9-1f59895807a7,Aloe littoralis,Aloe littoralis Baker,,SPECIES,Plantae,Tracheophyta,Liliopsida,Asparagales,Asphodelaceae,Aloe,gbif|powo,woody,2777738,,2026-05-15T13:44:23.058Z,2684,svc-api@example.org,0,,1
d6e24be4-811f-4212-a744-53ec914ae14b,Amblygonocarpus andongensis,Amblygonocarpus andongensis (Welw. ex Oliv.) Exell & Torre,,SPECIES,Plantae,Tracheophyta,Magnoliopsida,Fabales,Fabaceae,Amblygonocarpus,gbif|powo,woody,2975852,,2026-05-15T13:44:23.056Z,2684,svc-api@example.org,0,,1
d90178b5-1be5-4b84-b416-d6284e458db0,Allophylus africanus,Allophylus africanus P.Beauv.,,SPECIES,Plantae,Tracheophyta,Magnoliopsida,Sapindales,Sapindaceae,Allophylus,gbif|powo,woody,7265050,,2026-05-15T13:44:23.055Z,2684,svc-api@example.org,0,,1
aaeb288c-e25e-4b85-9463-0ef482c46c2c,Anthephora pubescens,Anthephora pubescens Nees,,SPECIES,Plantae,Tracheophyta,Liliopsida,Poales,Poaceae,Anthephora,gbif|powo,herbaceous,4135365,,2026-05-15T13:44:22.977Z,2684,svc-api@example.org,0,,1
e6c015b9-3ba0-46d2-84b4-1e76214f7a93,Andropogon huillensis,Andropogon huillensis Rendle,,SPECIES,Plantae,Tracheophyta,Liliopsida,Poales,Poaceae,Andropogon,gbif,herbaceous,4147324,,2026-05-15T13:44:22.976Z,2684,svc-api@example.org,0,,1
fac5f269-badd-408a-bb52-9ba76a951b95,Andropogon chinensis,Andropogon chinensis (Nees) Merr.,,SPECIES,Plantae,Tracheophyta,Liliopsida,Poales,Poaceae,Andropogon,gbif|powo,herbaceous,4151666,,2026-05-15T13:44:22.975Z,2684,svc-api@example.org,0,,1
e790faf2-df33-4189-8fde-09f6680d0043,Andropogon gayanus,Andropogon gayanus Kunth,,SPECIES,Plantae,Tracheophyta,Liliopsida,Poales,Poaceae,Andropogon,gbif|powo,herbaceous,2706112,,2026-05-15T13:44:22.974Z,2684,svc-api@example.org,0,,1
6b45a0a7-4f70-4583-b645-612f036d172b,Antidesma venosum,Antidesma venosum E.Mey. ex Tul.,,SPECIES,Plantae,Tracheophyta,Magnoliopsida,Malpighiales,Phyllanthaceae,Antidesma,gbif|powo,woody,3076520,,2026-05-15T13:44:22.974Z,2684,svc-api@example.org,0,,1
5860b956-15ce-431e-ac9a-6309fef1fd1a,Andropogon eucomus,Andropogon eucomus Nees,,SPECIES,Plantae,Tracheophyta,Liliopsida,Poales,Poaceae,Andropogon,gbif,herbaceous,4149619,,2026-05-15T13:44:22.970Z,2684,svc-api@example.org,0,,1
49b0cb27-f860-48da-ab22-fdf2e79a5542,Annona stenophylla,Annona stenophylla Engl. & Diels,,SPECIES,Plantae,Tracheophyta,Magnoliopsida,Magnoliales,Annonaceae,Annona,gbif|powo,herbaceous,5407200,,2026-05-15T13:44:22.970Z,2684,svc-api@example.org,0,,1
008f3da5-910b-4d85-a844-c5ab8b75fcd8,Aristida adscensionis,Aristida adscensionis L.,,SPECIES,Plantae,Tracheophyta,Liliopsida,Poales,Poaceae,Aristida,gbif|powo,herbaceous,2706277,,2026-05-15T13:44:22.776Z,2684,svc-api@example.org,0,,1
4221e9df-7a67-4431-baa6-01fd5950e120,Aristida congesta,Aristida congesta Roem. & Schult.,,SPECIES,Plantae,Tracheophyta,,,Poaceae,Aristida,powo,herbaceous,394517,,2026-05-15T13:44:22.774Z,2684,svc-api@example.org,0,,1
6a2c08fc-5f46-48b0-9198-c41fdd8f1a1b,Aristida junciformis,Aristida junciformis Trin. & Rupr.,,SPECIES,Plantae,Tracheophyta,Liliopsida,Poales,Poaceae,Aristida,gbif|powo,herbaceous,4126423,,2026-05-15T13:44:22.774Z,2684,svc-api@example.org,0,,1
d83d7c40-958e-4e29-bb33-e7633b1d495e,Aristida rhiniochloa,Aristida rhiniochloa Hochst.,,SPECIES,Plantae,Tracheophyta,Liliopsida,Poales,Poaceae,Aristida,gbif|powo,herbaceous,4123611,,2026-05-15T13:44:22.697Z,2684,svc-api@example.org,0,,1
ec5dbdee-d179-42ca-8d01-332246c375aa,Aristida stipitata,Aristida stipitata Hack.,,SPECIES,Plantae,Tracheophyta,Liliopsida,Poales,Poaceae,Aristida,gbif|powo,herbaceous,4122781,,2026-05-15T13:44:22.696Z,2684,svc-api@example.org,0,,1
2ab95e8c-02ea-484c-9e92-64b3d0f5b2f8,Asparagus bechuanicus,Asparagus bechuanicus Baker,,SPECIES,Plantae,Tracheophyta,Liliopsida,Asparagales,Asparagaceae,Asparagus,gbif,herbaceous,2768850,,2026-05-15T13:44:22.696Z,2684,svc-api@example.org,0,,1
fddfd811-c52c-4df9-88a2-999251550a04,Aristida meridionalis,Aristida meridionalis Henrard,,SPECIES,Plantae,Tracheophyta,Liliopsida,Poales,Poaceae,Aristida,gbif|powo,herbaceous,4125551,,2026-05-15T13:44:22.694Z,2684,svc-api@example.org,0,,1
d565f441-90d4-44e9-97db-168ef672d973,Asclepias fruticosa,Asclepias fruticosa L.,,SPECIES,Plantae,Tracheophyta,Magnoliopsida,Gentianales,Apocynaceae,Gomphocarpus,gbif,herbaceous,3577499,,2026-05-15T13:44:22.694Z,2684,svc-api@example.org,0,,1
b6d42ddd-75fd-43f9-ac30-67b34227f5a9,Asparagus nelsii,Asparagus nelsii Schinz,,SPECIES,Plantae,Tracheophyta,Liliopsida,Asparagales,Asparagaceae,Asparagus,gbif|powo,herbaceous,2768526,,2026-05-15T13:44:22.693Z,2684,svc-api@example.org,0,,1
17997b64-1782-44ec-9d7c-18b544584f1e,Asparagus cooperi,Asparagus cooperi Baker,,SPECIES,Plantae,Tracheophyta,Liliopsida,Asparagales,Asparagaceae,Asparagus,gbif,herbaceous,2768556,,2026-05-15T13:44:22.691Z,2684,svc-api@example.org,0,,1
b3183d9f-0ecd-4f7e-9752-222fdcc3e083,Boscia coriacea,Boscia coriacea Graells,,SPECIES,Plantae,Tracheophyta,Magnoliopsida,Brassicales,Capparaceae,Boscia,gbif|powo,woody,3689538,,2026-05-15T13:44:22.524Z,2684,svc-api@example.org,0,,1
2797e62c-6f06-439a-a61b-088818c5e122,Azanza garckeana,Azanza garckeana (F.Hoffm.) Exell & Hillc.,,SPECIES,Plantae,Tracheophyta,Magnoliopsida,Malvales,Malvaceae,Thespesia,gbif,woody,3939836,,2026-05-15T13:44:22.524Z,2684,svc-api@example.org,0,,1
6bc14efb-7220-4fd2-ba49-66455b1d0380,Baikiaea plurijuga,Baikiaea plurijuga Harms,,SPECIES,Plantae,Tracheophyta,Magnoliopsida,Fabales,Fabaceae,Baikiaea,gbif|powo,woody,2943830,,2026-05-15T13:44:22.521Z,2684,svc-api@example.org,0,,1
86cb782d-740b-4fe4-b6bb-b62196a9191d,Bothriochloa insculpta,Bothriochloa insculpta (Hochst. ex A.Rich.) A.Camus,,SPECIES,Plantae,Tracheophyta,Liliopsida,Poales,Poaceae,Bothriochloa,gbif|powo,herbaceous,2704099,,2026-05-15T13:44:22.445Z,2684,svc-api@example.org,0,,1
799e68ca-74a4-4414-837d-461ab2e8ceef,Bothriochloa radicans,Bothriochloa radicans (Lehm.) A.Camus,,SPECIES,Plantae,Tracheophyta,Liliopsida,Poales,Poaceae,Bothriochloa,gbif|powo,herbaceous,4136419,,2026-05-15T13:44:22.444Z,2684,svc-api@example.org,0,,1
1efca7dd-3129-423e-a049-031dac103445,Bothriochloa bladhii,Bothriochloa bladhii (Retz.) S.T.Blake,,SPECIES,Plantae,Tracheophyta,Liliopsida,Poales,Poaceae,Bothriochloa,gbif|powo,herbaceous,2704093,,2026-05-15T13:44:22.444Z,2684,svc-api@example.org,0,,1
a15fa006-7626-49fc-99e9-709cc018b965,Blepharis diversispina,Blepharis diversispina (Nees) C.B.Clarke,,SPECIES,Plantae,Tracheophyta,Magnoliopsida,Lamiales,Acanthaceae,Blepharis,gbif|powo,herbaceous,5575703,,2026-05-15T13:44:22.443Z,2684,svc-api@example.org,0,,1
5d7abe52-a8fe-44e6-a68a-d3ee47fd1404,Berchemia discolor,Berchemia discolor (Klotzsch) Hemsl.,,SPECIES,Plantae,Tracheophyta,Magnoliopsida,Rosales,Rhamnaceae,Phyllogeiton,gbif,woody,3876514,,2026-05-15T13:44:22.443Z,2684,svc-api@example.org,0,,1
1751a924-6132-4284-9193-e2311fba407a,Boscia albitrunca,Boscia albitrunca (Burch.) Gilg & Gilg-Ben.,,SPECIES,Plantae,Tracheophyta,Magnoliopsida,Brassicales,Capparaceae,Boscia,gbif|powo,woody,5602556,,2026-05-15T13:44:22.441Z,2684,svc-api@example.org,0,,1
7f8f32b8-985a-46e0-a2f7-bf74a778c002,Bauhinia petersiana,Bauhinia petersiana Bolle,,SPECIES,Plantae,Tracheophyta,Magnoliopsida,Fabales,Fabaceae,Bauhinia,gbif|powo,woody,2953735,,2026-05-15T13:44:22.439Z,2684,svc-api@example.org,0,,1
35ab514b-f152-4f49-a27b-8d8c0fdd196d,Brachiaria eruciformis,Brachiaria eruciformis (Sm.) Griseb.,,SPECIES,Plantae,Tracheophyta,Liliopsida,Poales,Poaceae,Moorochloa,gbif,herbaceous,2704068,,2026-05-15T13:44:22.181Z,2684,svc-api@example.org,0,,1
0c56979c-3c0b-4d16-94f8-ea89390da0c4,Brachiaria deflexa,Brachiaria deflexa (Schumach.) C.E.Hubb. ex Robyns,,SPECIES,Plantae,Tracheophyta,Liliopsida,Poales,Poaceae,Urochloa,gbif,herbaceous,2704073,,2026-05-15T13:44:22.179Z,2684,svc-api@example.org,0,,1
f2ff93d7-dd59-4c69-8716-36312256c566,Brachiaria marlothii,Brachiaria marlothii (Hack.) Stent,,SPECIES,Plantae,Tracheophyta,Liliopsida,Poales,Poaceae,Urochloa,gbif,herbaceous,4132874,,2026-05-15T13:44:22.178Z,2684,svc-api@example.org,0,,1
cf30f0fb-267b-45b2-a627-bb37902f9bc3,Brachiaria nigropedata,Brachiaria nigropedata (Munro ex Ficalho & Hiern) Stapf,,SPECIES,Plantae,Tracheophyta,Liliopsida,Poales,Poaceae,Urochloa,gbif,herbaceous,4132721,,2026-05-15T13:44:22.104Z,2684,svc-api@example.org,0,,1
4495f32f-4b71-4bfd-a213-6b787e488920,Brachystelma gymnopodum,Brachystelma gymnopodum (Schltr.) Bruyns,,SPECIES,Plantae,Tracheophyta,Magnoliopsida,Gentianales,Apocynaceae,Ceropegia,gbif,herbaceous,3580357,,2026-05-15T13:44:22.101Z,2684,svc-api@example.org,0,,1
cacf9149-391e-44ce-8ddc-8b309c757ed5,Burkea africana,Burkea africana Hook.,,SPECIES,Plantae,Tracheophyta,Magnoliopsida,Fabales,Fabaceae,Burkea,gbif|powo,woody,5348890,,2026-05-15T13:44:22.100Z,2684,svc-api@example.org,0,,1
54daf1de-8a2e-4d72-80bd-7b894e00cdb5,Brachystelma cupulatum,Brachystelma cupulatum R.A.Dyer,,SPECIES,Plantae,Tracheophyta,Magnoliopsida,Gentianales,Apocynaceae,Ceropegia,gbif,herbaceous,3580642,,2026-05-15T13:44:22.099Z,2684,svc-api@example.org,0,,1
13a35470-82ea-494b-81f4-ab0aca0e885a,Brachystelma arnottii,Brachystelma arnottii Baker,,SPECIES,Plantae,Tracheophyta,Magnoliopsida,Gentianales,Apocynaceae,Ceropegia,gbif,herbaceous,3581004,,2026-05-15T13:44:22.098Z,2684,svc-api@example.org,0,,1
e058ff7e-7b2f-4f53-973f-cac00d4de6f6,Brachystelma discoideum,Brachystelma discoideum R.A.Dyer,,SPECIES,Plantae,Tracheophyta,Magnoliopsida,Gentianales,Apocynaceae,Ceropegia,gbif,herbaceous,3580588,,2026-05-15T13:44:22.097Z,2684,svc-api@example.org,0,,1
3f588aad-67eb-4e95-bac2-85094ffe579d,Brachystelma circinatum,Brachystelma circinatum E.Mey.,,SPECIES,Plantae,Tracheophyta,Magnoliopsida,Gentianales,Apocynaceae,Ceropegia,gbif,herbaceous,3580725,,2026-05-15T13:44:22.096Z,2684,svc-api@example.org,0,,1
6a1339d7-22f4-4c4b-b4f8-01ccf9109faa,Capparis tomentosa,Capparis tomentosa Lam.,,SPECIES,Plantae,Tracheophyta,Magnoliopsida,Brassicales,Capparaceae,Capparis,gbif|powo,woody,5602023,,2026-05-15T13:44:21.932Z,2684,svc-api@example.org,0,,1
27f3bca6-aece-44a6-ae41-3b1ab0cce9b8,Carissa edulis,Carissa edulis (Forssk.) Vahl,,SPECIES,Plantae,Tracheophyta,Magnoliopsida,Gentianales,Apocynaceae,Carissa,gbif,woody,5414422,,2026-05-15T13:44:21.932Z,2684,svc-api@example.org,0,,1
ebac3f70-21fa-4202-94b4-10d2e8059a54,Camptorrhiza strumosa,Camptorrhiza strumosa (Baker) Oberm.,,SPECIES,Plantae,Tracheophyta,Liliopsida,Liliales,Colchicaceae,Camptorrhiza,gbif|powo,herbaceous,2740373,,2026-05-15T13:44:21.931Z,2684,svc-api@example.org,0,,1
8d3045b5-b9e5-41d4-9e16-1c271d81c250,Cenchrus ciliaris,Cenchrus ciliaris L.,,SPECIES,Plantae,Tracheophyta,Liliopsida,Poales,Poaceae,Cenchrus,gbif|powo,herbaceous,4109540,,2026-05-15T13:44:21.865Z,2684,svc-api@example.org,0,,1
a12a290c-a631-4d6b-afb2-e24f10a09e11,Ceratotheca triloba,Ceratotheca triloba (Bernh.) Hook.fil.,,SPECIES,Plantae,Tracheophyta,Magnoliopsida,Lamiales,Pedaliaceae,Sesamum,gbif,herbaceous,5415090,,2026-05-15T13:44:21.863Z,2684,svc-api@example.org,0,,1
e1049b15-91f2-40b7-bbb6-f0af364bbdc0,Ceropegia lugardiae,Ceropegia lugardiae N.E.Br.,,SPECIES,Plantae,Tracheophyta,Magnoliopsida,Gentianales,Apocynaceae,Ceropegia,gbif|powo,herbaceous,3574456,,2026-05-15T13:44:21.857Z,2684,svc-api@example.org,0,,1
c8e77362-75e5-4d52-97e6-b5cb8326e086,Ceropegia nilotica,Ceropegia nilotica Kotschy,,SPECIES,Plantae,Tracheophyta,Magnoliopsida,Gentianales,Apocynaceae,Ceropegia,gbif|powo,herbaceous,3574105,,2026-05-15T13:44:21.856Z,2684,svc-api@example.org,0,,1
f363ad96-5164-470c-9fd3-12d0ca62e03a,Ceropegia stenoloba,Ceropegia stenoloba Hochst. ex Werderm.,,SPECIES,Plantae,Tracheophyta,Magnoliopsida,Gentianales,Apocynaceae,Ceropegia,gbif|powo,herbaceous,3573198,,2026-05-15T13:44:21.854Z,2684,svc-api@example.org,0,,1
5fdfe8df-069d-4f7e-a87f-919b8b9475b7,Ceropegia purpurascens,Ceropegia purpurascens K.Schum.,,SPECIES,Plantae,Tracheophyta,Magnoliopsida,Gentianales,Apocynaceae,Ceropegia,gbif|powo,herbaceous,3573735,,2026-05-15T13:44:21.852Z,2684,svc-api@example.org,0,,1
b898b378-8c82-484d-b9c2-6d9461a6a515,Ceropegia multiflora,Ceropegia multiflora Baker,,SPECIES,Plantae,Tracheophyta,Magnoliopsida,Gentianales,Apocynaceae,Ceropegia,gbif|powo,herbaceous,3574157,,2026-05-15T13:44:21.851Z,2684,svc-api@example.org,0,,1
17e261e4-26ce-4b58-983d-cd052d196e4e,Chamaecrista biensis,Chamaecrista biensis (Steyaert) Lock,,SPECIES,Plantae,Tracheophyta,Magnoliopsida,Fabales,Fabaceae,Chamaecrista,gbif|powo,herbaceous,2949559,,2026-05-15T13:44:21.680Z,2684,svc-api@example.org,0,,1
6b8b7cab-74a0-4d85-8911-3832e1f81127,Chascanum pinnatifidum,Chascanum pinnatifidum (L.f.) E.Mey.,,SPECIES,Plantae,Tracheophyta,Magnoliopsida,Lamiales,Verbenaceae,Chascanum,gbif|powo,herbaceous,4085573,,2026-05-15T13:44:21.678Z,2684,svc-api@example.org,0,,1
6c2cc94f-e917-4459-aac7-5deb46ad4f67,Chloris gayana,Chloris gayana Kunth,,SPECIES,Plantae,Tracheophyta,Liliopsida,Poales,Poaceae,Chloris,gbif|powo,herbaceous,5289618,,2026-05-15T13:44:21.668Z,2684,svc-api@example.org,0,,1
93acfd6c-5496-4827-8ac6-86bde53adff8,Cienfuegosia digitata,Cienfuegosia digitata Cav.,,SPECIES,Plantae,Tracheophyta,Magnoliopsida,Malvales,Malvaceae,Cienfuegosia,gbif|powo,herbaceous,3938079,,2026-05-15T13:44:21.574Z,2684,svc-api@example.org,0,,1
ec7641d3-75dc-4658-9e0c-e6e3bb6c1fcc,Cleome hirta,Cleome hirta (Klotzsch) Oliv.,,SPECIES,Plantae,Tracheophyta,,,Cleomaceae,Cleome,powo,herbaceous,2727359,,2026-05-15T13:44:21.573Z,2684,svc-api@example.org,0,,1
05eb9ba9-1854-47c4-bd95-74f9c189d179,Cissampelos mucronata,Cissampelos mucronata A.Rich.,,SPECIES,Plantae,Tracheophyta,Magnoliopsida,Ranunculales,Menispermaceae,Cissampelos,gbif|powo,herbaceous,3829552,,2026-05-15T13:44:21.572Z,2684,svc-api@example.org,0,,1
302a303f-d1c7-4d13-acc8-c5185bc2b7b4,Chloris virgata,Chloris virgata Sw.,,SPECIES,Plantae,Tracheophyta,Liliopsida,Poales,Poaceae,Chloris,gbif|powo,herbaceous,5289624,,2026-05-15T13:44:21.571Z,2684,svc-api@example.org,0,,1
ce4488e0-a0f8-49b8-9980-eea0a3b6ef4b,Clerodendrum ternatum,Clerodendrum ternatum Schinz,,SPECIES,Plantae,Tracheophyta,Magnoliopsida,Lamiales,Lamiaceae,Clerodendrum,gbif|powo,herbaceous,7307467,,2026-05-15T13:44:21.570Z,2684,svc-api@example.org,0,,1
de87b4ce-8ab9-4ec3-80f0-6183b3ae5583,Clerodendrum uncinatum,Clerodendrum uncinatum Schinz,,SPECIES,Plantae,Tracheophyta,Magnoliopsida,Lamiales,Lamiaceae,Kalaharia,gbif,herbaceous,3888819,,2026-05-15T13:44:21.567Z,2684,svc-api@example.org,0,,1
9dfde157-fde9-4421-991d-27eef1edce57,Citrullus lanatus,Citrullus lanatus (Thunb.) Matsum. & Nakai,,SPECIES,Plantae,Tracheophyta,Magnoliopsida,Cucurbitales,Cucurbitaceae,Citrullus,gbif|powo,herbaceous,2874621,,2026-05-15T13:44:21.564Z,2684,svc-api@example.org,0,,1
041d419f-cf7b-468c-8a42-e1e95b7b2260,Vachellia tortilis,Vachellia tortilis (Forssk.) Galasso & Banfi,,SPECIES,Plantae,Tracheophyta,Magnoliopsida,Fabales,Fabaceae,Vachellia,gbif|powo,woody,5358814,,2026-05-15T13:44:21.385Z,2684,svc-api@example.org,0,,1
95b60aa5-6eaa-4a99-aba5-affa08421673,Combretum albopunctatum,Combretum albopunctatum Suess.,,SPECIES,Plantae,Tracheophyta,Magnoliopsida,Myrtales,Combretaceae,Combretum,gbif|powo,woody,3698691,,2026-05-15T13:44:21.384Z,2684,svc-api@example.org,0,,1
4a0b97f6-373c-4b82-bb91-c1535eb2f6d5,Coccinia sessilifolia,Coccinia sessilifolia (Sond.) Cogn.,,SPECIES,Plantae,Tracheophyta,Magnoliopsida,Cucurbitales,Cucurbitaceae,Coccinia,gbif|powo,herbaceous,3624111,,2026-05-15T13:44:21.384Z,2684,svc-api@example.org,0,,1
4b214a16-b074-4145-b37f-d5305c0a3399,Combretum collinum,Combretum collinum Fresen.,,SPECIES,Plantae,Tracheophyta,Magnoliopsida,Myrtales,Combretaceae,Combretum,gbif|powo,woody,3699477,,2026-05-15T13:44:21.303Z,2684,svc-api@example.org,0,,1
165b816f-f008-4a32-a274-1ac543927969,Combretum molle,Combretum molle R.Br. ex G.Don,,SPECIES,Plantae,Tracheophyta,Magnoliopsida,Myrtales,Combretaceae,Combretum,gbif|powo,woody,7961582,,2026-05-15T13:44:21.302Z,2684,svc-api@example.org,0,,1
9f5a3c23-0f6b-4689-9f56-2d3cc19bebe8,Combretum apiculatum,Combretum apiculatum Sond.,,SPECIES,Plantae,Tracheophyta,Magnoliopsida,Myrtales,Combretaceae,Combretum,gbif|powo,woody,3698502,,2026-05-15T13:44:21.301Z,2684,svc-api@example.org,0,,1
195dcc02-9597-408c-8348-cf23295fd453,Combretum hereroense,Combretum hereroense Schinz,,SPECIES,Plantae,Tracheophyta,Magnoliopsida,Myrtales,Combretaceae,Combretum,gbif|powo,woody,7166924,,2026-05-15T13:44:21.300Z,2684,svc-api@example.org,0,,1
3fcc3a30-0a04-4e96-9986-cfddaed0063e,Combretum celastroides,Combretum celastroides Welw. ex M.A.Lawson,,SPECIES,Plantae,Tracheophyta,Magnoliopsida,Myrtales,Combretaceae,Combretum,gbif|powo,woody,3699594,,2026-05-15T13:44:21.294Z,2684,svc-api@example.org,0,,1
1e85d25e-337f-4c2f-bab0-b1e26570f0df,Combretum engleri,"Combretum engleri Schinz, De Wild. & T.Durand",,SPECIES,Plantae,Tracheophyta,Magnoliopsida,Myrtales,Combretaceae,Combretum,gbif|powo,woody,3698887,,2026-05-15T13:44:21.293Z,2684,svc-api@example.org,0,,1
b52ec90b-787b-4491-9548-7ab21f52e698,Combretum imberbe,Combretum imberbe Wawra,,SPECIES,Plantae,Tracheophyta,Magnoliopsida,Myrtales,Combretaceae,Combretum,gbif|powo,woody,3699651,,2026-05-15T13:44:21.293Z,2684,svc-api@example.org,0,,1
4106c69b-148a-4f5e-b54b-03ebda61acf7,Combretum psidioides,Combretum psidioides Welw.,,SPECIES,Plantae,Tracheophyta,Magnoliopsida,Myrtales,Combretaceae,Combretum,gbif|powo,woody,7327073,,2026-05-15T13:44:20.613Z,2684,svc-api@example.org,0,,1
7db66e2d-fb2b-473e-995d-b370d8fa898b,Combretum mossambicense,Combretum mossambicense (Klotzsch) Engl.,,SPECIES,Plantae,Tracheophyta,Magnoliopsida,Myrtales,Combretaceae,Combretum,gbif,woody,3699963,,2026-05-15T13:44:20.608Z,2684,svc-api@example.org,0,,1
c71af247-e4ce-409e-9330-8cb0395ff046,Combretum aculeatum,Combretum aculeatum Vent.,,SPECIES,Plantae,Tracheophyta,Magnoliopsida,Myrtales,Combretaceae,Combretum,gbif|powo,woody,3698858,,2026-05-15T13:44:20.604Z,2684,svc-api@example.org,0,,1
60909d64-9993-4f2c-9069-cd2a55921d59,Commiphora angolensis,Commiphora angolensis Engl.,,SPECIES,Plantae,Tracheophyta,Magnoliopsida,Sapindales,Burseraceae,Commiphora,gbif|powo,woody,3994043,,2026-05-15T13:44:20.533Z,2684,svc-api@example.org,0,,1
678ab1b0-c7ef-4685-90bc-269882deb51b,Corallocarpus triangularis,Corallocarpus triangularis Cogn.,,SPECIES,Plantae,Tracheophyta,Magnoliopsida,Cucurbitales,Cucurbitaceae,Corallocarpus,gbif|powo,herbaceous,3623180,,2026-05-15T13:44:20.527Z,2684,svc-api@example.org,0,,1
ee943b0d-acc1-4904-aa29-575e90822734,Commiphora africana,Commiphora africana (Rich.) Engl.,,SPECIES,Plantae,Tracheophyta,Magnoliopsida,Sapindales,Burseraceae,Commiphora,gbif|powo,woody,7286896,,2026-05-15T13:44:20.524Z,2684,svc-api@example.org,0,,1
3e337c00-67e2-49a8-8d68-f6854385fb49,Corallocarpus welwitschii,Corallocarpus welwitschii (Naudin) Hook.fil.,,SPECIES,Plantae,Tracheophyta,Magnoliopsida,Cucurbitales,Cucurbitaceae,Corallocarpus,gbif|powo,herbaceous,3623163,,2026-05-15T13:44:20.521Z,2684,svc-api@example.org,0,,1
319c3165-8f6c-4aff-92a2-5a8c09af4586,Corchorus asplenifolius,Corchorus asplenifolius Burch.,,SPECIES,Plantae,Tracheophyta,Magnoliopsida,Malvales,Malvaceae,Corchorus,gbif|powo,herbaceous,8419262,,2026-05-15T13:44:20.520Z,2684,svc-api@example.org,0,,1
0cdc3836-f500-4851-b366-2a770cebc0e2,Corallocarpus bainesii,Corallocarpus bainesii (Hook.fil.) A.Meeuse,,SPECIES,Plantae,Tracheophyta,Magnoliopsida,Cucurbitales,Cucurbitaceae,Corallocarpus,gbif|powo,herbaceous,3623632,,2026-05-15T13:44:20.519Z,2684,svc-api@example.org,0,,1
99e1736f-7e1a-47d1-bf90-b149fca09f94,Commiphora glandulosa,Commiphora glandulosa Schinz,,SPECIES,Plantae,Tracheophyta,Magnoliopsida,Sapindales,Burseraceae,Commiphora,gbif|powo,woody,3993045,,2026-05-15T13:44:20.519Z,2684,svc-api@example.org,0,,1
09c6912c-56dc-4250-93c5-18e1f4363f6e,Crinum minimum,Crinum minimum Milne-Redh.,,SPECIES,Plantae,Tracheophyta,Liliopsida,Asparagales,Amaryllidaceae,Crinum,gbif|powo,herbaceous,2853872,,2026-05-15T13:44:20.280Z,2684,svc-api@example.org,0,,1
939201d9-5de8-49b8-86a8-276366a63ce9,Cordia sinensis,Cordia sinensis Lam.,,SPECIES,Plantae,Tracheophyta,Magnoliopsida,Boraginales,Cordiaceae,Cordia,gbif|powo,woody,5660676,,2026-05-15T13:44:20.274Z,2684,svc-api@example.org,0,,1
c669c59e-b9bc-4ca2-b332-a2bad267722b,Corchorus tridens,Corchorus tridens L.,,SPECIES,Plantae,Tracheophyta,Magnoliopsida,Malvales,Malvaceae,Corchorus,gbif|powo,herbaceous,3152090,,2026-05-15T13:44:20.267Z,2684,svc-api@example.org,0,,1
377702c0-bdd1-464f-9413-ab12f0f1da54,Croton menyharthii,Croton menyharthii Pax,,SPECIES,Plantae,Tracheophyta,Magnoliopsida,Malpighiales,Euphorbiaceae,Croton,gbif|powo,woody,3059559,,2026-05-15T13:44:20.207Z,2684,svc-api@example.org,0,,1
b1067da7-3107-4e0f-a780-c03118352d2b,Croton megalobotrys,Croton megalobotrys Müll.Arg.,,SPECIES,Plantae,Tracheophyta,Magnoliopsida,Malpighiales,Euphorbiaceae,Croton,gbif|powo,woody,3060022,,2026-05-15T13:44:20.205Z,2684,svc-api@example.org,0,,1
62017eb8-9ab9-4bee-9d9b-2630fb0cfd8b,Cucumis humifructus,Cucumis humifructus Stent,,SPECIES,Plantae,Tracheophyta,Magnoliopsida,Cucurbitales,Cucurbitaceae,Cucumis,gbif|powo,herbaceous,4939975,,2026-05-15T13:44:20.202Z,2684,svc-api@example.org,0,,1
e5cb7e83-7bdd-4d94-8093-e32f98cb0d01,Croton gratissimus,Croton gratissimus Burch.,,SPECIES,Plantae,Tracheophyta,Magnoliopsida,Malpighiales,Euphorbiaceae,Croton,gbif|powo,woody,3058727,,2026-05-15T13:44:20.197Z,2684,svc-api@example.org,0,,1
4a615044-d75c-46b7-8e05-8cc9ed277fe1,Cucumis anguria,Cucumis anguria L.,,SPECIES,Plantae,Tracheophyta,Magnoliopsida,Cucurbitales,Cucurbitaceae,Cucumis,gbif|powo,herbaceous,2874573,,2026-05-15T13:44:20.196Z,2684,svc-api@example.org,0,,1
088cb3a0-19fb-404a-9bc3-747d0fb76172,Cucumis africanus,Cucumis africanus L.fil.,,SPECIES,Plantae,Tracheophyta,Magnoliopsida,Cucurbitales,Cucurbitaceae,Cucumis,gbif|powo,herbaceous,8298709,,2026-05-15T13:44:20.180Z,2684,svc-api@example.org,0,,1
c1291aa1-3812-4f99-ac60-fe31eca02cfb,Cryptolepis oblongifolia,Cryptolepis oblongifolia (Meisn.) Schltr.,,SPECIES,Plantae,Tracheophyta,Magnoliopsida,Gentianales,Apocynaceae,Cryptolepis,gbif|powo,herbaceous,7522717,,2026-05-15T13:44:20.176Z,2684,svc-api@example.org,0,,1
95c9f7e4-f043-4455-aed1-317bfce9f9cb,Cucumis kalahariensis,Cucumis kalahariensis A.Meeuse,,SPECIES,Plantae,Tracheophyta,Magnoliopsida,Cucurbitales,Cucurbitaceae,Cucumis,gbif|powo,herbaceous,3625577,,2026-05-15T13:44:19.983Z,2684,svc-api@example.org,0,,1
11d30d7a-a00a-4041-b9a4-a5932b5a6018,Cycnium tubulosum,Cycnium tubulosum (L.fil.) Engl.,,SPECIES,Plantae,Tracheophyta,Magnoliopsida,Lamiales,Orobanchaceae,Cycnium,gbif|powo,herbaceous,6438726,,2026-05-15T13:44:19.960Z,2684,svc-api@example.org,0,,1
1206ff64-0a16-4d4e-b474-f5025658de05,Cyathula orthacantha,Cyathula orthacantha (Hochst. ex Asch.) Schinz,,SPECIES,Plantae,Tracheophyta,Magnoliopsida,Caryophyllales,Amaranthaceae,Cyathula,gbif,herbaceous,5548538,,2026-05-15T13:44:19.903Z,2684,svc-api@example.org,0,,1
b35ba1cd-bc32-4533-9069-6fe4172f292f,Datura stramonium,Datura stramonium L.,,SPECIES,Plantae,Tracheophyta,Magnoliopsida,Solanales,Solanaceae,Datura,gbif|powo,herbaceous,2928751,,2026-05-15T13:44:19.830Z,2684,svc-api@example.org,0,,1
128d51a1-5b46-4f6d-803a-75b2f6254847,Cymbopogon caesius,Cymbopogon caesius (Hook. & Arn.) Stapf,,SPECIES,Plantae,Tracheophyta,Liliopsida,Poales,Poaceae,Cymbopogon,gbif|powo,herbaceous,4151099,,2026-05-15T13:44:19.830Z,2684,svc-api@example.org,0,,1
b0141ee8-d57a-42a7-81ba-77a00de0803e,Cynodon dactylon,Cynodon dactylon (L.) Pers.,,SPECIES,Plantae,Tracheophyta,Liliopsida,Poales,Poaceae,Cynodon,gbif|powo,herbaceous,6109637,,2026-05-15T13:44:19.829Z,2684,svc-api@example.org,0,,1
51a3efb3-9fe9-44f9-a052-11661a7152a1,Dactyloctenium giganteum,Dactyloctenium giganteum B.S.Fisher & Schweick.,,SPECIES,Plantae,Tracheophyta,Liliopsida,Poales,Poaceae,Dactyloctenium,gbif|powo,herbaceous,4149875,,2026-05-15T13:44:19.828Z,2684,svc-api@example.org,0,,1
b256f167-850c-4577-94c7-004fc763de10,Cyphostemma congestum,Cyphostemma congestum (Baker) Desc. ex Wild & R.B.Drumm.,,SPECIES,Plantae,Tracheophyta,Magnoliopsida,Vitales,Vitaceae,Cyphostemma,gbif|powo,herbaceous,4052662,,2026-05-15T13:44:19.828Z,2684,svc-api@example.org,0,,1
78e5d2ae-a545-4458-8959-35e059c8e58a,Cynanchum orangeanum,Cynanchum orangeanum (Schltr.) N.E.Br.,,SPECIES,Plantae,Tracheophyta,Magnoliopsida,Gentianales,Apocynaceae,Cynanchum,gbif|powo,herbaceous,3576723,,2026-05-15T13:44:19.822Z,2684,svc-api@example.org,0,,1
98eb5c47-f952-428c-803d-3ad32c09d099,Dactyloctenium aegyptium,Dactyloctenium aegyptium (L.) Willd.,,SPECIES,Plantae,Tracheophyta,Liliopsida,Poales,Poaceae,Dactyloctenium,gbif|powo,herbaceous,2706188,,2026-05-15T13:44:19.820Z,2684,svc-api@example.org,0,,1
2e0ea224-1287-42fd-9127-a0f2fd0c38d0,Dichanthium annulatum,Dichanthium annulatum (Forssk.) Stapf,,SPECIES,Plantae,Tracheophyta,Liliopsida,Poales,Poaceae,Dichanthium,gbif|powo,herbaceous,2702446,,2026-05-15T13:44:19.629Z,2684,svc-api@example.org,0,,1
92362c69-a89e-444d-bf1f-a3ec09511daa,Dicerocaryum eriocarpum,Dicerocaryum eriocarpum (Decne.) Abels,,SPECIES,Plantae,Tracheophyta,Magnoliopsida,Lamiales,Pedaliaceae,Dicerocaryum,gbif,herbaceous,3585179,,2026-05-15T13:44:19.625Z,2684,svc-api@example.org,0,,1
051e8132-69dc-4dd2-b1f9-7baa7344425f,Dialium engleranum,Dialium engleranum Henriq.,,SPECIES,Plantae,Tracheophyta,Magnoliopsida,Fabales,Fabaceae,Dialium,gbif,woody,2970946,,2026-05-15T13:44:19.625Z,2684,svc-api@example.org,0,,1
fe94feaa-3931-4e6e-8e15-0cb9427debf4,Digitaria sanguinalis,Digitaria sanguinalis (L.) Scop.,,SPECIES,Plantae,Tracheophyta,Liliopsida,Poales,Poaceae,Digitaria,gbif|powo,herbaceous,5289972,,2026-05-15T13:44:19.581Z,2684,svc-api@example.org,0,,1
38d286e1-805f-4d69-bdf4-5ee3361839ae,Dioscorea quartiniana,Dioscorea quartiniana A.Rich.,,SPECIES,Plantae,Tracheophyta,Liliopsida,Dioscoreales,Dioscoreaceae,Dioscorea,gbif|powo,herbaceous,2755797,,2026-05-15T13:44:19.577Z,2684,svc-api@example.org,0,,1
5cc38ec9-36c1-4825-8985-275b3ac4eb8f,Dicoma tomentosa,Dicoma tomentosa Cass.,,SPECIES,Plantae,Tracheophyta,Magnoliopsida,Asterales,Asteraceae,Dicoma,gbif|powo,herbaceous,3103375,,2026-05-15T13:44:19.577Z,2684,svc-api@example.org,0,,1
573e3a3f-a117-401f-8858-c371f3c2bc28,Dichrostachys cinerea,Dichrostachys cinerea (L.) Wight & Arn.,,SPECIES,Plantae,Tracheophyta,Magnoliopsida,Fabales,Fabaceae,Dichrostachys,gbif|powo,woody,2975891,,2026-05-15T13:44:19.576Z,2684,svc-api@example.org,0,,1
c2e81659-6c24-40a9-9767-3dcfde5c6b83,Digitaria eriantha,Digitaria eriantha Steud.,,SPECIES,Plantae,Tracheophyta,Liliopsida,Poales,Poaceae,Digitaria,gbif|powo,herbaceous,5289987,,2026-05-15T13:44:19.574Z,2684,svc-api@example.org,0,,1
37be551c-d6fd-4c4c-b8f8-a59c3a1ec535,Dichapetalum cymosum,Dichapetalum cymosum (Hook.) Engl.,,SPECIES,Plantae,Tracheophyta,Magnoliopsida,Malpighiales,Dichapetalaceae,Dichapetalum,gbif|powo,herbaceous,4195988,,2026-05-15T13:44:19.574Z,2684,svc-api@example.org,0,,1
81a50503-1880-45dc-ad7d-d1e9a2e2c515,Diospyros batocana,Diospyros batocana Hiern,,SPECIES,Plantae,Tracheophyta,Magnoliopsida,Ericales,Ebenaceae,Diospyros,gbif|powo,woody,4070760,,2026-05-15T13:44:19.560Z,2684,svc-api@example.org,0,,1
0bf8735e-feb6-44f9-a3bf-8929f2b0e75e,Dipcadi glaucum,Dipcadi glaucum (Burch. ex Ker Gawl.) Baker,,SPECIES,Plantae,Tracheophyta,Liliopsida,Asparagales,Asparagaceae,Dipcadi,gbif|powo,herbaceous,2768304,,2026-05-15T13:44:19.257Z,2684,svc-api@example.org,0,,1
56f46d79-3dd7-4c9b-a374-1baf7786eb31,Diospyros lycioides,Diospyros lycioides Desf.,,SPECIES,Plantae,Tracheophyta,Magnoliopsida,Ericales,Ebenaceae,Diospyros,gbif|powo,woody,4070128,,2026-05-15T13:44:19.251Z,2684,svc-api@example.org,0,,1
53ab4a4e-750e-4232-bfa4-75c6155dce29,Diospyros mespiliformis,Diospyros mespiliformis Hochst. ex A.DC.,,SPECIES,Plantae,Tracheophyta,Magnoliopsida,Ericales,Ebenaceae,Diospyros,gbif|powo,woody,4071204,,2026-05-15T13:44:19.248Z,2684,svc-api@example.org,0,,1
fb3e928a-7b75-4b19-8425-9aec5b5b6338,Dombeya rotundifolia,Dombeya rotundifolia (Hochst.) Planch.,,SPECIES,Plantae,Tracheophyta,Magnoliopsida,Malvales,Malvaceae,Dombeya,gbif|powo,woody,5546739,,2026-05-15T13:44:19.157Z,2684,svc-api@example.org,0,,1
13fac663-9314-43ed-9713-da09fd9a3aa9,Drimia altissima,Drimia altissima (L.f.) Ker Gawl.,,SPECIES,Plantae,Tracheophyta,Liliopsida,Asparagales,Asparagaceae,Drimia,gbif|powo,herbaceous,8295156,,2026-05-15T13:44:19.157Z,2684,svc-api@example.org,0,,1
f35d99f3-ca13-477c-bcaa-8150c1fe7a63,Echinochloa colonum,Echinochloa colonum (L.) Link,,SPECIES,Plantae,Tracheophyta,Liliopsida,Poales,Poaceae,Echinochloa,gbif,herbaceous,6431411,,2026-05-15T13:44:19.156Z,2684,svc-api@example.org,0,,1
6af47f5e-7b57-4e20-8518-f275d0d4d163,Echinochloa colona,Echinochloa colona (L.) Link,,SPECIES,Plantae,Tracheophyta,,,Poaceae,Echinochloa,powo,herbaceous,410176,,2026-05-15T13:44:19.156Z,2684,svc-api@example.org,0,,1
15ea443c-b7e7-42ff-9773-bc0721863d33,Duvalia polita,Duvalia polita N.E.Br.,,SPECIES,Plantae,Tracheophyta,Magnoliopsida,Gentianales,Apocynaceae,Ceropegia,gbif|powo,herbaceous,7521731,,2026-05-15T13:44:19.154Z,2684,svc-api@example.org,0,,1
88cef5b0-d9bb-41e2-aeb4-c9d7bce30ade,Diplorhynchus condylocarpon,Diplorhynchus condylocarpon (Müll.Arg.) Pichon,,SPECIES,Plantae,Tracheophyta,Magnoliopsida,Gentianales,Apocynaceae,Diplorhynchus,gbif|powo,woody,5536384,,2026-05-15T13:44:19.153Z,2684,svc-api@example.org,0,,1
0c5141f1-3ca0-4372-8442-d4cf07ce35e9,Drimia sanguinea,Drimia sanguinea (Schinz) Jessop,,SPECIES,Plantae,Tracheophyta,Liliopsida,Asparagales,Asparagaceae,Drimia,gbif|powo,herbaceous,2776687,,2026-05-15T13:44:19.153Z,2684,svc-api@example.org,0,,1
7ea268f1-2bd8-4bb0-b373-d3a7f43dc465,Ehretia alba,Ehretia alba Retief & A.E.van Wyk,,SPECIES,Plantae,Tracheophyta,Magnoliopsida,Boraginales,Ehretiaceae,Ehretia,gbif|powo,woody,4067181,,2026-05-15T13:44:18.957Z,2684,svc-api@example.org,0,,1
3b25d331-942f-4ece-bc88-d5942546808a,Echinochloa pyramidalis,Echinochloa pyramidalis (Lam.) Hitchc. & Chase,,SPECIES,Plantae,Tracheophyta,Liliopsida,Poales,Poaceae,Echinochloa,gbif|powo,herbaceous,2702805,,2026-05-15T13:44:18.956Z,2684,svc-api@example.org,0,,1
5dcc3b5b-eb96-414f-be11-0f7ea9c69a70,Echinochloa holubii,Echinochloa holubii (Stapf) Stapf,,SPECIES,Plantae,Tracheophyta,Liliopsida,Poales,Poaceae,Echinochloa,gbif,herbaceous,4118805,,2026-05-15T13:44:18.948Z,2684,svc-api@example.org,0,,1
e8ab88cd-fbf7-4573-8e55-d7b382cd39e9,Ehretia coerulea,Ehretia coerulea Gürke,,SPECIES,Plantae,Tracheophyta,Magnoliopsida,Boraginales,Ehretiaceae,Ehretia,gbif|powo,woody,4066923,,2026-05-15T13:44:18.877Z,2684,svc-api@example.org,0,,1
40ab8c3e-f18e-4d98-b90f-49d1fd292d91,Eleusine coracana,Eleusine coracana (L.) Gaertn.,,SPECIES,Plantae,Tracheophyta,Liliopsida,Poales,Poaceae,Eleusine,gbif|powo,herbaceous,2705957,,2026-05-15T13:44:18.876Z,2684,svc-api@example.org,0,,1
75312f33-7c53-42e3-affb-9a2168b36c98,Enneapogon desvauxii,Enneapogon desvauxii P.Beauv.,,SPECIES,Plantae,Tracheophyta,Liliopsida,Poales,Poaceae,Enneapogon,gbif|powo,herbaceous,2703892,,2026-05-15T13:44:18.866Z,2684,svc-api@example.org,0,,1
df477b49-1435-4f9f-a575-e983bc4c8a75,Ekebergia capensis,Ekebergia capensis Sparrm.,,SPECIES,Plantae,Tracheophyta,Magnoliopsida,Sapindales,Meliaceae,Ekebergia,gbif|powo,woody,3851310,,2026-05-15T13:44:18.865Z,2684,svc-api@example.org,0,,1
2e73cf9c-e7e7-40d0-aa0f-c5188a4d8120,Enneapogon cenchroides,Enneapogon cenchroides (Licht.) C.E.Hubb.,,SPECIES,Plantae,Tracheophyta,Liliopsida,Poales,Poaceae,Enneapogon,gbif|powo,herbaceous,8669627,,2026-05-15T13:44:18.864Z,2684,svc-api@example.org,0,,1
ce80e7e8-0b30-44ce-82b5-916eb312020e,Elaeodendron transvaalense,Elaeodendron transvaalense (Burtt Davy) R.H.Archer,,SPECIES,Plantae,Tracheophyta,Magnoliopsida,Celastrales,Celastraceae,Elaeodendron,gbif|powo,woody,3791033,,2026-05-15T13:44:18.864Z,2684,svc-api@example.org,0,,1
f6e26577-2ccc-49cb-ac85-05e524a611b6,Elionurus muticus,Elionurus muticus (Spreng.) Kuntze,,SPECIES,Plantae,Tracheophyta,Liliopsida,Poales,Poaceae,Elionurus,gbif|powo,herbaceous,4114608,,2026-05-15T13:44:18.859Z,2684,svc-api@example.org,0,,1
78596c70-bfa4-416d-8bfd-42aa5d57d3ec,Eragrostis aspera,Eragrostis aspera (Jacq.) Nees,,SPECIES,Plantae,Tracheophyta,Liliopsida,Poales,Poaceae,Eragrostis,gbif|powo,herbaceous,4150175,,2026-05-15T13:44:18.668Z,2684,svc-api@example.org,0,,1
75bdb960-6473-4ebf-8aca-ea5eaaf55839,Enteropogon macrostachyus,Enteropogon macrostachyus (Hochst. ex A.Rich.) Munro ex Benth.,,SPECIES,Plantae,Tracheophyta,Liliopsida,Poales,Poaceae,Enteropogon,gbif|powo,herbaceous,5679682,,2026-05-15T13:44:18.664Z,2684,svc-api@example.org,0,,1
9dd63fd5-aff4-4f6b-8c0a-414a232728af,Eragrostis cilianensis,Eragrostis cilianensis (All.) Vignolo ex Janch.,,SPECIES,Plantae,Tracheophyta,Liliopsida,Poales,Poaceae,Eragrostis,gbif|powo,herbaceous,2705369,,2026-05-15T13:44:18.662Z,2684,svc-api@example.org,0,,1
dead2937-6093-402b-a297-b747eb870e4e,Eragrostis lehmanniana,Eragrostis lehmanniana Nees,,SPECIES,Plantae,Tracheophyta,Liliopsida,Poales,Poaceae,Eragrostis,gbif|powo,herbaceous,8080622,,2026-05-15T13:44:18.590Z,2684,svc-api@example.org,0,,1
7bad79fe-2bdc-435c-acab-1246afb4fc19,Eragrostis rigidior,Eragrostis rigidior Pilg.,,SPECIES,Plantae,Tracheophyta,Liliopsida,Poales,Poaceae,Eragrostis,gbif,herbaceous,4141653,,2026-05-15T13:44:18.589Z,2684,svc-api@example.org,0,,1
772e7e6d-1a3e-4c53-a642-32cf0781eaeb,Eragrostis heteromera,Eragrostis heteromera Stapf,,SPECIES,Plantae,Tracheophyta,Liliopsida,Poales,Poaceae,Eragrostis,gbif|powo,herbaceous,4134477,,2026-05-15T13:44:18.585Z,2684,svc-api@example.org,0,,1
75ec185a-c29d-4d50-a0a9-25bbe385d073,Eragrostis inamoena,Eragrostis inamoena K.Schum.,,SPECIES,Plantae,Tracheophyta,Liliopsida,Poales,Poaceae,Eragrostis,gbif|powo,herbaceous,4146135,,2026-05-15T13:44:18.585Z,2684,svc-api@example.org,0,,1
945b540b-020a-4eda-a309-61d2bd629fe8,Eragrostis echinochloidea,Eragrostis echinochloidea Stapf,,SPECIES,Plantae,Tracheophyta,Liliopsida,Poales,Poaceae,Eragrostis,gbif|powo,herbaceous,2705447,,2026-05-15T13:44:18.584Z,2684,svc-api@example.org,0,,1
c1928422-bf33-43db-9304-0d967db7773c,Eragrostis nindensis,Eragrostis nindensis Ficalho & Hiern,,SPECIES,Plantae,Tracheophyta,Liliopsida,Poales,Poaceae,Eragrostis,gbif|powo,herbaceous,4143795,,2026-05-15T13:44:18.584Z,2684,svc-api@example.org,0,,1
eed8b9a7-8ff8-46ba-8559-c28c7c97e4a8,Eragrostis pallens,Eragrostis pallens Hack.,,SPECIES,Plantae,Tracheophyta,Liliopsida,Poales,Poaceae,Eragrostis,gbif|powo,herbaceous,4143512,,2026-05-15T13:44:18.580Z,2684,svc-api@example.org,0,,1
fef04a86-9057-43e3-a920-1cc20a78d566,Eragrostis trichophora,Eragrostis trichophora Coss. & Durieu,,SPECIES,Plantae,Tracheophyta,Liliopsida,Poales,Poaceae,Eragrostis,gbif,herbaceous,2705367,,2026-05-15T13:44:18.380Z,2684,svc-api@example.org,0,,1
d6480b5f-2722-4674-b3e4-7bbb477b1844,Eragrostis superba,Eragrostis superba Peyr.,,SPECIES,Plantae,Tracheophyta,Liliopsida,Poales,Poaceae,Eragrostis,gbif|powo,herbaceous,2705445,,2026-05-15T13:44:18.380Z,2684,svc-api@example.org,0,,1
b1304fe7-5c97-487e-bc9a-2329fb63dc89,Eragrostis rotifer,Eragrostis rotifer Rendle,,SPECIES,Plantae,Tracheophyta,Liliopsida,Poales,Poaceae,Eragrostis,gbif|powo,herbaceous,4111606,,2026-05-15T13:44:18.376Z,2684,svc-api@example.org,0,,1
7710b34f-875a-4be9-9630-999a60bfdb43,Euclea divinorum,Euclea divinorum Hiern,,SPECIES,Plantae,Tracheophyta,Magnoliopsida,Ericales,Ebenaceae,Euclea,gbif|powo,woody,5662686,,2026-05-15T13:44:18.297Z,2684,svc-api@example.org,0,,1
2f3d2900-e630-49a9-8180-9a9e7460e5a9,Eriochloa meyeriana,Eriochloa meyeriana (Nees) Pilg.,,SPECIES,Plantae,Tracheophyta,Liliopsida,Poales,Poaceae,Eriochloa,gbif|powo,herbaceous,4134240,,2026-05-15T13:44:18.297Z,2684,svc-api@example.org,0,,1
10bb6f79-f367-41f8-8005-b648a94652c1,Eragrostis viscosa,Eragrostis viscosa (Retz.) Trin.,,SPECIES,Plantae,Tracheophyta,Liliopsida,Poales,Poaceae,Eragrostis,gbif|powo,herbaceous,2705441,,2026-05-15T13:44:18.296Z,2684,svc-api@example.org,0,,1
427fff79-12a1-4a4c-858b-847797d07ae6,Erythrophleum africanum,Erythrophleum africanum (Benth.) Harms,,SPECIES,Plantae,Tracheophyta,Magnoliopsida,Fabales,Fabaceae,Erythrophleum,gbif|powo,woody,2971189,,2026-05-15T13:44:18.293Z,2684,svc-api@example.org,0,,1
f3e7b5da-12a6-435a-979b-3028251d1519,Euclea undulata,Euclea undulata Thunb.,,SPECIES,Plantae,Tracheophyta,Magnoliopsida,Ericales,Ebenaceae,Euclea,gbif|powo,woody,5662635,,2026-05-15T13:44:18.293Z,2684,svc-api@example.org,0,,1
39bac5b7-fcc7-4be3-8f1d-9c27afc0c182,Eulophia hereroensis,Eulophia hereroensis Schltr.,,SPECIES,Plantae,Tracheophyta,Liliopsida,Asparagales,Orchidaceae,Eulophia,gbif|powo,herbaceous,5311433,,2026-05-15T13:44:18.292Z,2684,svc-api@example.org,0,,1
37d99193-9995-442f-94e0-cc006451b58e,Erythrococca menyharthii,Erythrococca menyharthii (Pax) Prain,,SPECIES,Plantae,Tracheophyta,Magnoliopsida,Malpighiales,Euphorbiaceae,Erythrococca,gbif|powo,woody,3054631,,2026-05-15T13:44:18.292Z,2684,svc-api@example.org,0,,1
fafc66f8-6fc2-4c16-b21a-a9d28d23786d,Eulophia speciosa,Eulophia speciosa (R.Br.) Bolus,,SPECIES,Plantae,Tracheophyta,Liliopsida,Asparagales,Orchidaceae,Eulophia,gbif|powo,herbaceous,5311380,,2026-05-15T13:44:18.106Z,2684,svc-api@example.org,0,,1
ab0f60c7-8774-482e-9de2-ae0a71cbdaac,Euphorbia monteiroi,Euphorbia monteiroi Hook.f.,,SPECIES,Plantae,Tracheophyta,Magnoliopsida,Malpighiales,Euphorbiaceae,Euphorbia,gbif|powo,herbaceous,3064750,,2026-05-15T13:44:18.098Z,2684,svc-api@example.org,0,,1
d6efacfa-a9f0-4c18-8492-a163815b914e,Ferraria glutinosa,Ferraria glutinosa (Baker) Rendle,,SPECIES,Plantae,Tracheophyta,Liliopsida,Asparagales,Iridaceae,Ferraria,gbif|powo,herbaceous,5297911,,2026-05-15T13:44:18.092Z,2684,svc-api@example.org,0,,1
2c2b16d1-d631-44b2-bed0-bb51f30500ae,Friesodielsia obovata,Friesodielsia obovata (Benth.) Verdc.,,SPECIES,Plantae,Tracheophyta,Magnoliopsida,Magnoliales,Annonaceae,Friesodielsia,gbif,woody,3156815,,2026-05-15T13:44:18.011Z,2684,svc-api@example.org,0,,1
f677396a-80f3-44c1-8bd5-f9680990977b,Ficus burkei,Ficus burkei (Miq.) Miq.,,SPECIES,Plantae,Tracheophyta,Magnoliopsida,Rosales,Moraceae,Ficus,gbif,woody,5571110,,2026-05-15T13:44:18.010Z,2684,svc-api@example.org,0,,1
947e653c-80f2-4ddf-94e5-d53562617202,Ficus capreifolia,Ficus capreifolia Delile,,SPECIES,Plantae,Tracheophyta,Magnoliopsida,Rosales,Moraceae,Ficus,gbif|powo,woody,5930699,,2026-05-15T13:44:18.009Z,2684,svc-api@example.org,0,,1
bb8fab80-5f2f-48c3-b5a1-6c6e1aafb475,Ficus sycomorus,Ficus sycomorus L.,,SPECIES,Plantae,Tracheophyta,Magnoliopsida,Rosales,Moraceae,Ficus,gbif|powo,woody,5361921,,2026-05-15T13:44:18.009Z,2684,svc-api@example.org,0,,1
5b505452-dc71-447e-8470-605607a16db1,Ficus ingens,Ficus ingens (Miq.) Miq.,,SPECIES,Plantae,Tracheophyta,Magnoliopsida,Rosales,Moraceae,Ficus,gbif|powo,woody,5570086,,2026-05-15T13:44:18.006Z,2684,svc-api@example.org,0,,1
6840b083-0969-44e1-ad8c-89cfb4fea69c,Fockea angustifolia,Fockea angustifolia K.Schum.,,SPECIES,Plantae,Tracheophyta,Magnoliopsida,Gentianales,Apocynaceae,Fockea,gbif|powo,herbaceous,3576109,,2026-05-15T13:44:18.006Z,2684,svc-api@example.org,0,,1
dfa75fee-efac-4be1-b955-95719d3344c9,Ficus verruculosa,Ficus verruculosa Warb.,,SPECIES,Plantae,Tracheophyta,Magnoliopsida,Rosales,Moraceae,Ficus,gbif|powo,woody,5571688,,2026-05-15T13:44:18.006Z,2684,svc-api@example.org,0,,1
37f20617-cb46-48c4-9d35-c5c09e77ac74,Gossypium herbaceum,Gossypium herbaceum L.,,SPECIES,Plantae,Tracheophyta,Magnoliopsida,Malvales,Malvaceae,Gossypium,gbif|powo,herbaceous,3152658,,2026-05-15T13:44:17.834Z,2684,svc-api@example.org,0,,1
486623ad-d907-41a7-8075-763e066905f6,Gardenia volkensii,Gardenia volkensii K.Schum.,,SPECIES,Plantae,Tracheophyta,Magnoliopsida,Gentianales,Rubiaceae,Gardenia,gbif|powo,woody,5335053,,2026-05-15T13:44:17.805Z,2684,svc-api@example.org,0,,1
e5c2aa37-bac6-4cad-a4b2-afe73c408ad4,Gardenia ternifolia,Gardenia ternifolia Schumach. & Thonn.,,SPECIES,Plantae,Tracheophyta,Magnoliopsida,Gentianales,Rubiaceae,Gardenia,gbif|powo,woody,5334974,,2026-05-15T13:44:17.803Z,2684,svc-api@example.org,0,,1
feb7978e-7208-4465-8f14-74cec71a19bd,Garcinia livingstonei,Garcinia livingstonei T.Anderson,,SPECIES,Plantae,Tracheophyta,Magnoliopsida,Malpighiales,Clusiaceae,Garcinia,gbif|powo,woody,3189564,,2026-05-15T13:44:17.803Z,2684,svc-api@example.org,0,,1
40e51f0b-ed1f-4702-8eb9-4fb09f68863c,Grewia flavescens,Grewia flavescens Juss.,,SPECIES,Plantae,Tracheophyta,Magnoliopsida,Malvales,Malvaceae,Grewia,gbif|powo,woody,4260042,,2026-05-15T13:44:17.720Z,2684,svc-api@example.org,0,,1
4595de6e-77b4-4739-9351-1affbbb54742,Gloriosa superba,Gloriosa superba L.,,SPECIES,Plantae,Tracheophyta,Liliopsida,Liliales,Colchicaceae,Gloriosa,gbif|powo,herbaceous,2740024,,2026-05-15T13:44:17.719Z,2684,svc-api@example.org,0,,1
4c2f2b78-b8d2-4b1e-8f0b-c99b936daf8d,Grewia flava,Grewia flava DC.,,SPECIES,Plantae,Tracheophyta,Magnoliopsida,Malvales,Malvaceae,Grewia,gbif|powo,woody,4261911,,2026-05-15T13:44:17.717Z,2684,svc-api@example.org,0,,1
8efe110b-d463-4d37-ba75-e730ff3d7caf,Grewia olukondae,Grewia olukondae Schinz,,SPECIES,Plantae,Tracheophyta,Magnoliopsida,Malvales,Malvaceae,Grewia,gbif,woody,4261351,,2026-05-15T13:44:17.717Z,2684,svc-api@example.org,0,,1
d404c8b0-c9b6-44fb-9d49-f4a48b4828d1,Grewia bicolor,Grewia bicolor Juss.,,SPECIES,Plantae,Tracheophyta,Magnoliopsida,Malvales,Malvaceae,Grewia,gbif|powo,woody,8042537,,2026-05-15T13:44:17.716Z,2684,svc-api@example.org,0,,1
4437485d-e77c-4736-93b8-e67af840c4bb,Gladiolus magnificus,Gladiolus magnificus (Harms) Goldblatt,,SPECIES,Plantae,Tracheophyta,Liliopsida,Asparagales,Iridaceae,Gladiolus,gbif|powo,herbaceous,2749934,,2026-05-15T13:44:17.713Z,2684,svc-api@example.org,0,,1
66a00e35-6d18-4413-b63c-f1e33f6cf33b,Grewia villosa,Grewia villosa Willd.,,SPECIES,Plantae,Tracheophyta,Magnoliopsida,Malvales,Malvaceae,Grewia,gbif|powo,woody,4259732,,2026-05-15T13:44:17.517Z,2684,svc-api@example.org,0,,1
6ead4b4d-e06e-4858-aab7-44899a40532c,Grewia schinzii,Grewia schinzii K.Schum.,,SPECIES,Plantae,Tracheophyta,Magnoliopsida,Malvales,Malvaceae,Grewia,gbif|powo,woody,4260387,,2026-05-15T13:44:17.516Z,2684,svc-api@example.org,0,,1
bd1078fe-6407-4c53-ba59-68700b77463c,Grewia retinervis,Grewia retinervis Burret,,SPECIES,Plantae,Tracheophyta,Magnoliopsida,Malvales,Malvaceae,Grewia,gbif|powo,woody,4260754,,2026-05-15T13:44:17.511Z,2684,svc-api@example.org,0,,1
83dca53d-a0e2-48b0-bd8c-11239e45e3c8,Helinus spartioides,Helinus spartioides (Engl.) Schinz ex Engl.,,SPECIES,Plantae,Tracheophyta,Magnoliopsida,Rosales,Rhamnaceae,Helinus,gbif|powo,herbaceous,3875512,,2026-05-15T13:44:17.437Z,2684,svc-api@example.org,0,,1
918a4122-ccf7-4781-8448-7eae7aac7c44,Hermannia tomentosa,Hermannia tomentosa (Turcz.) Schinz ex Engl.,,SPECIES,Plantae,Tracheophyta,Magnoliopsida,Malvales,Malvaceae,Hermannia,gbif,herbaceous,8181751,,2026-05-15T13:44:17.436Z,2684,svc-api@example.org,0,,1
6c7244bf-dbbf-4dbe-8489-4f87d50df5ff,Harpagophytum procumbens,Harpagophytum procumbens (Burch.) DC. ex Meisn.,,SPECIES,Plantae,Tracheophyta,Magnoliopsida,Lamiales,Pedaliaceae,Harpagophytum,gbif|powo,herbaceous,3585335,,2026-05-15T13:44:17.435Z,2684,svc-api@example.org,0,,1
2103c558-6978-4138-8da2-304c6cf28d6e,Gymnosporia senegalensis,Gymnosporia senegalensis (Lam.) Loes.,,SPECIES,Plantae,Tracheophyta,Magnoliopsida,Celastrales,Celastraceae,Gymnosporia,gbif|powo,woody,3793847,,2026-05-15T13:44:17.435Z,2684,svc-api@example.org,0,,1
cb465416-51b1-40be-8004-4bfa2e6a046b,Guibourtia coleosperma,Guibourtia coleosperma (Benth.) J.Léonard,,SPECIES,Plantae,Tracheophyta,Magnoliopsida,Fabales,Fabaceae,Guibourtia,gbif|powo,woody,2964802,,2026-05-15T13:44:17.433Z,2684,svc-api@example.org,0,,1
e1822e52-2bd7-4298-84af-e42ef49d8830,Hemizygia bracteosa,Hemizygia bracteosa (Benth.) Briq.,,SPECIES,Plantae,Tracheophyta,Magnoliopsida,Lamiales,Lamiaceae,Syncolostemon,gbif,herbaceous,3885807,,2026-05-15T13:44:17.433Z,2684,svc-api@example.org,0,,1
1e7075fe-9be4-401c-9f9d-156128c7ad9b,Hemarthria altissima,Hemarthria altissima (Poir.) Stapf & C.E.Hubb.,,SPECIES,Plantae,Tracheophyta,Liliopsida,Poales,Poaceae,Hemarthria,gbif|powo,herbaceous,2706322,,2026-05-15T13:44:17.429Z,2684,svc-api@example.org,0,,1
86cf8c8a-af23-471f-a567-b6c6be5cbcce,Heteromorpha arborescens,Heteromorpha arborescens (Thunb.) Cham. & Schltdl.,,SPECIES,Plantae,Tracheophyta,Magnoliopsida,Apiales,Apiaceae,Heteromorpha,gbif,woody,6027321,,2026-05-15T13:44:17.268Z,2684,svc-api@example.org,0,,1
ca4bf514-b0d0-4744-9d04-fd9745224594,Hermbstaedtia odorata,Hermbstaedtia odorata (Burch.) T.Cooke,,SPECIES,Plantae,Tracheophyta,,,Amaranthaceae,Hermbstaedtia,powo,herbaceous,2846786,,2026-05-15T13:44:17.268Z,2684,svc-api@example.org,0,,1
e0699657-ad6c-47a0-bd13-902e883449cb,Heteropogon contortus,Heteropogon contortus (L.) P.Beauv. ex Roem. & Schult.,,SPECIES,Plantae,Tracheophyta,Liliopsida,Poales,Poaceae,Heteropogon,gbif|powo,herbaceous,5290179,,2026-05-15T13:44:17.264Z,2684,svc-api@example.org,0,,1
8c2de8d5-7e43-4dc4-b597-4b0bcb2661ae,Hibiscus calyphyllus,Hibiscus calyphyllus Cav.,,SPECIES,Plantae,Tracheophyta,Magnoliopsida,Malvales,Malvaceae,Hibiscus,gbif|powo,herbaceous,3152574,,2026-05-15T13:44:17.193Z,2684,svc-api@example.org,0,,1
05c07d4b-b826-4a48-93cb-06d126547db6,Hyphaene petersiana,Hyphaene petersiana Klotzsch ex Mart.,,SPECIES,Plantae,Tracheophyta,Liliopsida,Arecales,Arecaceae,Hyphaene,gbif|powo,woody,8278609,,2026-05-15T13:44:17.189Z,2684,svc-api@example.org,0,,1
52495fdd-4c3e-414d-8a25-27312313cb58,Imperata cylindrica,Imperata cylindrica (L.) Raeusch.,,SPECIES,Plantae,Tracheophyta,Liliopsida,Poales,Poaceae,Imperata,gbif|powo,herbaceous,8424006,,2026-05-15T13:44:17.189Z,2684,svc-api@example.org,0,,1
6f26b512-a315-42d9-b51e-2a0920151104,Hyperthelia dissoluta,Hyperthelia dissoluta (Nees ex Steud.) Clayton,,SPECIES,Plantae,Tracheophyta,Liliopsida,Poales,Poaceae,Hyperthelia,gbif|powo,herbaceous,4147115,,2026-05-15T13:44:17.188Z,2684,svc-api@example.org,0,,1
7c449e96-420a-402a-8c37-93f4cbba9a07,Hibiscus diversifolius,Hibiscus diversifolius Jacq.,,SPECIES,Plantae,Tracheophyta,Magnoliopsida,Malvales,Malvaceae,Hibiscus,gbif|powo,woody,7279239,,2026-05-15T13:44:17.186Z,2684,svc-api@example.org,0,,1
6598f473-1e95-460f-a7b7-6379ffa4fc1b,Hoffmannseggia burchellii,Hoffmannseggia burchellii (DC.) Benth. ex Oliv.,,SPECIES,Plantae,Tracheophyta,Magnoliopsida,Fabales,Fabaceae,Pomaria,gbif,herbaceous,5347548,,2026-05-15T13:44:17.185Z,2684,svc-api@example.org,0,,1
2440c2ee-3874-401d-b133-76794377bb2e,Hippocratea indica,Hippocratea indica Willd.,,SPECIES,Plantae,Tracheophyta,Magnoliopsida,Celastrales,Celastraceae,Reissantia,gbif,woody,3791814,,2026-05-15T13:44:17.184Z,2684,svc-api@example.org,0,,1
45add8be-becc-435b-8c7f-5208a3700a25,Indigofera tinctoria,Indigofera tinctoria L.,,SPECIES,Plantae,Tracheophyta,,,Fabaceae,Indigofera,powo,herbaceous,2864839,,2026-05-15T13:44:17.016Z,2684,svc-api@example.org,0,,1
e3454aa0-e2f6-495b-9aea-90847fdd1858,Indigofera schimperi,Indigofera schimperi Jaub. & Spach,,SPECIES,Plantae,Tracheophyta,Magnoliopsida,Fabales,Fabaceae,Indigofera,gbif|powo,herbaceous,2971724,,2026-05-15T13:44:17.016Z,2684,svc-api@example.org,0,,1
3cce2416-68d1-4963-90dc-c76ea67126ff,Ipomoea bolusiana,Ipomoea bolusiana Schinz,,SPECIES,Plantae,Tracheophyta,Magnoliopsida,Solanales,Convolvulaceae,Ipomoea,gbif|powo,herbaceous,3677670,,2026-05-15T13:44:17.015Z,2684,svc-api@example.org,0,,1
edc5c90f-3427-4754-98d2-7ca18037e0f7,Ipomoea verbascoidea,Ipomoea verbascoidea Choisy,,SPECIES,Plantae,Tracheophyta,Magnoliopsida,Solanales,Convolvulaceae,Ipomoea,gbif|powo,herbaceous,4927162,,2026-05-15T13:44:16.937Z,2684,svc-api@example.org,0,,1
ac9fa720-66c4-4dd8-b4c8-5a2c35532cd9,Ischaemum afrum,Ischaemum afrum (J.F.Gmel.) Dandy,,SPECIES,Plantae,Tracheophyta,Liliopsida,Poales,Poaceae,Ischaemum,gbif|powo,herbaceous,4144035,,2026-05-15T13:44:16.936Z,2684,svc-api@example.org,0,,1
42b6fdde-7193-48e4-8a16-488eae05fab9,Ipomoea coptica,Ipomoea coptica (L.) Roth,,SPECIES,Plantae,Tracheophyta,Magnoliopsida,Solanales,Convolvulaceae,Ipomoea,gbif|powo,herbaceous,8117771,,2026-05-15T13:44:16.934Z,2684,svc-api@example.org,0,,1
883b0fcc-8eea-4779-b237-22e299be16fc,Commelina benghalensis,Commelina benghalensis L.,,SPECIES,Plantae,Tracheophyta,Magnoliopsida,Commelinales,Commelinaceae,Commelina,gbif|powo,herbaceous,2763941,,2026-05-15T13:44:16.934Z,2684,svc-api@example.org,0,,1
9e6f833e-0371-4693-ae88-2d26355c42bd,Jasminum fluminense,Jasminum fluminense Vell.,,SPECIES,Plantae,Tracheophyta,Magnoliopsida,Lamiales,Oleaceae,Jasminum,gbif|powo,herbaceous,3172270,,2026-05-15T13:44:16.932Z,2684,svc-api@example.org,0,,1
fd2ec5d3-9f10-4696-a424-96fb91401f23,Kalanchoe brachyloba,Kalanchoe brachyloba Welw. ex Oliv.,,SPECIES,Plantae,Tracheophyta,Magnoliopsida,Saxifragales,Crassulaceae,Kalanchoe,gbif|powo,herbaceous,4200725,,2026-05-15T13:44:16.932Z,2684,svc-api@example.org,0,,1
7289266b-5cda-46ec-8ade-805861a75d13,Justicia betonica,"Justicia betonica T.Anderson, 1867",,SPECIES,Plantae,Tracheophyta,Magnoliopsida,Lamiales,Acanthaceae,Justicia,gbif,herbaceous,7418885,,2026-05-15T13:44:16.930Z,2684,svc-api@example.org,0,,1
3be25084-77f1-4387-87bd-a8c04f390d60,Kedrostis foetidissima,Kedrostis foetidissima (Jacq.) Cogn.,,SPECIES,Plantae,Tracheophyta,Magnoliopsida,Cucurbitales,Cucurbitaceae,Kedrostis,gbif|powo,herbaceous,3623873,,2026-05-15T13:44:16.767Z,2684,svc-api@example.org,0,,1
02095f2b-f29e-40ef-a5df-74afebed7960,Kalanchoe lanceolata,Kalanchoe lanceolata (Forssk.) Pers.,,SPECIES,Plantae,Tracheophyta,Magnoliopsida,Saxifragales,Crassulaceae,Kalanchoe,gbif|powo,herbaceous,7334272,,2026-05-15T13:44:16.767Z,2684,svc-api@example.org,0,,1
e8c8d70e-1aba-4d14-8973-f13ee37b7537,Kedrostis hirtella,Kedrostis hirtella (Naudin) Cogn.,,SPECIES,Plantae,Tracheophyta,Magnoliopsida,Cucurbitales,Cucurbitaceae,Kedrostis,gbif,herbaceous,3623786,,2026-05-15T13:44:16.763Z,2684,svc-api@example.org,0,,1
45bb6b56-fc07-458f-b314-f57b6021f3c0,Lapeirousia bainesii,Lapeirousia bainesii Baker,,SPECIES,Plantae,Tracheophyta,Liliopsida,Asparagales,Iridaceae,Afrosolen,gbif,herbaceous,5297594,,2026-05-15T13:44:16.689Z,2684,svc-api@example.org,0,,1
f992754a-87a8-43b5-b115-05fafa60d232,Lantana rugosa,Lantana rugosa Thunb.,,SPECIES,Plantae,Tracheophyta,Magnoliopsida,Lamiales,Verbenaceae,Lantana,gbif|powo,herbaceous,7658661,,2026-05-15T13:44:16.689Z,2684,svc-api@example.org,0,,1
b70b63e9-fed0-47ad-9935-fbbbdc8043d1,Laggera decurrens,Laggera decurrens (Vahl) Hepper & J.R.I.Wood,,SPECIES,Plantae,Tracheophyta,Magnoliopsida,Asterales,Asteraceae,Galgera,gbif,herbaceous,3098715,,2026-05-15T13:44:16.687Z,2684,svc-api@example.org,0,,1
20e056f8-8c1e-4639-b5eb-f7ace7458d00,Kyphocarpa angustifolia,Kyphocarpa angustifolia (Moq.) Lopr.,,SPECIES,Plantae,Tracheophyta,Magnoliopsida,Caryophyllales,Amaranthaceae,Cyphocarpa,gbif|powo,herbaceous,7870867,,2026-05-15T13:44:16.687Z,2684,svc-api@example.org,0,,1
61d8464d-9d7c-4cc9-8341-a90a0b90c1df,Kleinia longiflora,Kleinia longiflora DC.,,SPECIES,Plantae,Tracheophyta,Magnoliopsida,Asterales,Asteraceae,Curio,gbif|powo,herbaceous,5405628,,2026-05-15T13:44:16.685Z,2684,svc-api@example.org,0,,1
c98e5dec-eeb3-4b46-b3e3-84ecb929c666,Lannea discolor,Lannea discolor (Sond.) Engl.,,SPECIES,Plantae,Tracheophyta,Magnoliopsida,Sapindales,Anacardiaceae,Lannea,gbif|powo,woody,3661097,,2026-05-15T13:44:16.685Z,2684,svc-api@example.org,0,,1
ab25ab2f-f371-4926-bf48-c48bad75ff5d,Kigelia africana,Kigelia africana (Lam.) Benth.,,SPECIES,Plantae,Tracheophyta,Magnoliopsida,Lamiales,Bignoniaceae,Kigelia,gbif|powo,woody,3172561,,2026-05-15T13:44:16.682Z,2684,svc-api@example.org,0,,1
2a62b8a4-9d2e-46d1-bf07-e1ea41640e1a,Lapeirousia schimperi,Lapeirousia schimperi (Asch. & Klatt) Milne-Redh.,,SPECIES,Plantae,Tracheophyta,Liliopsida,Asparagales,Iridaceae,Afrosolen,gbif,herbaceous,5297662,,2026-05-15T13:44:16.521Z,2684,svc-api@example.org,0,,1
5a422f88-4780-4d4c-981e-8853061d0056,Leersia hexandra,Leersia hexandra Sw.,,SPECIES,Plantae,Tracheophyta,Liliopsida,Poales,Poaceae,Leersia,gbif|powo,herbaceous,2702901,,2026-05-15T13:44:16.520Z,2684,svc-api@example.org,0,,1
0cdcf69d-f090-4fee-a212-6e88a3d708a4,Lapeirousia coerulea,Lapeirousia coerulea Schinz,,SPECIES,Plantae,Tracheophyta,Liliopsida,Asparagales,Iridaceae,Afrosolen,gbif,herbaceous,5297700,,2026-05-15T13:44:16.515Z,2684,svc-api@example.org,0,,1
8317eb10-531a-4797-b2ca-04f4635d8573,Leonotis nepetifolia,Leonotis nepetifolia (L.) R.Br.,,SPECIES,Plantae,Tracheophyta,Magnoliopsida,Lamiales,Lamiaceae,Leonotis,gbif|powo,herbaceous,4924659,,2026-05-15T13:44:16.446Z,2684,svc-api@example.org,0,,1
cf02d281-0a3a-4ec4-8d26-1cedaf4a0304,Melhania burchellii,Melhania burchellii DC.,,SPECIES,Plantae,Tracheophyta,Magnoliopsida,Malvales,Malvaceae,Melhania,gbif|powo,herbaceous,3671883,,2026-05-15T13:44:16.445Z,2684,svc-api@example.org,0,,1
1fdd64b0-7a32-4d8f-9c2d-764790f79f41,Maerua schinzii,Maerua schinzii Pax,,SPECIES,Plantae,Tracheophyta,Magnoliopsida,Brassicales,Capparaceae,Maerua,gbif|powo,woody,3873430,,2026-05-15T13:44:16.445Z,2684,svc-api@example.org,0,,1
5359ae66-f538-4700-818f-68bffaaaa320,Maerua angolensis,Maerua angolensis DC.,,SPECIES,Plantae,Tracheophyta,Magnoliopsida,Brassicales,Capparaceae,Maerua,gbif|powo,woody,7273321,,2026-05-15T13:44:16.444Z,2684,svc-api@example.org,0,,1
3b3bb50b-9498-4303-b112-a6a3abd4cafe,Markhamia zanzibarica,Markhamia zanzibarica (Bojer ex DC.) K.Schum.,,SPECIES,Plantae,Tracheophyta,Magnoliopsida,Lamiales,Bignoniaceae,Markhamia,gbif|powo,woody,5668590,,2026-05-15T13:44:16.444Z,2684,svc-api@example.org,0,,1
b70d7b6d-e06e-47f5-b260-6e6f76ad15ac,Lycium shawii,Lycium shawii Roem. & Schult.,,SPECIES,Plantae,Tracheophyta,Magnoliopsida,Solanales,Solanaceae,Lycium,gbif|powo,woody,7300058,,2026-05-15T13:44:16.441Z,2684,svc-api@example.org,0,,1
11df92c6-fe51-4b8a-8f55-fd208295a095,Leptochloa fusca,Leptochloa fusca (L.) Kunth,,SPECIES,Plantae,Tracheophyta,Liliopsida,Poales,Poaceae,Diplachne,gbif,herbaceous,2703868,,2026-05-15T13:44:16.439Z,2684,svc-api@example.org,0,,1
1dc71d7e-f47b-47f5-8dbb-7e82c9867534,Melinis repens,Melinis repens (Willd.) Zizka,,SPECIES,Plantae,Tracheophyta,Liliopsida,Poales,Poaceae,Melinis,gbif|powo,herbaceous,2702504,,2026-05-15T13:44:16.269Z,2684,svc-api@example.org,0,,1
fdb22c29-3aa8-4a18-a5fa-58ccd906c925,Melhania forbesii,Melhania forbesii Planch. ex Mast.,,SPECIES,Plantae,Tracheophyta,Magnoliopsida,Malvales,Malvaceae,Melhania,gbif|powo,herbaceous,3671671,,2026-05-15T13:44:16.269Z,2684,svc-api@example.org,0,,1
64c5fef8-2ff7-4828-90bb-03ca5e570b6c,Melhania virescens,Melhania virescens K.Schum.,,SPECIES,Plantae,Tracheophyta,Magnoliopsida,Malvales,Malvaceae,Melhania,gbif,herbaceous,3670952,,2026-05-15T13:44:16.267Z,2684,svc-api@example.org,0,,1
3db5c233-2c71-437d-9368-b68dd732ff97,Mundulea sericea,Mundulea sericea (Willd.) A.Chev.,,SPECIES,Plantae,Tracheophyta,Magnoliopsida,Fabales,Fabaceae,Mundulea,gbif|powo,woody,2933885,,2026-05-15T13:44:16.197Z,2684,svc-api@example.org,0,,1
8830e04f-f708-44ec-8d90-3ef433022ec9,Monsonia glauca,Monsonia glauca R.Knuth,,SPECIES,Plantae,Tracheophyta,Magnoliopsida,Geraniales,Geraniaceae,Monsonia,gbif|powo,herbaceous,3827807,,2026-05-15T13:44:16.195Z,2684,svc-api@example.org,0,,1
ce5fb013-403e-4d4f-8abc-fe9ab39ede89,Merremia palmata,Merremia palmata Hallier fil.,,SPECIES,Plantae,Tracheophyta,Magnoliopsida,Solanales,Convolvulaceae,Merremia,gbif|powo,herbaceous,5548958,,2026-05-15T13:44:16.188Z,2684,svc-api@example.org,0,,1
972e3d35-071b-4b53-b1f6-8741e2fa6eaf,Merremia verecunda,Merremia verecunda Baker & Rendle,,SPECIES,Plantae,Tracheophyta,Magnoliopsida,Solanales,Convolvulaceae,Merremia,gbif|powo,herbaceous,5548892,,2026-05-15T13:44:16.187Z,2684,svc-api@example.org,0,,1
31efc5fd-2697-4377-8103-8db3ffb1e68d,Miscanthus junceus,Miscanthus junceus (Stapf) Pilg.,,SPECIES,Plantae,Tracheophyta,Liliopsida,Poales,Poaceae,Miscanthidium,gbif,herbaceous,4149653,,2026-05-15T13:44:16.185Z,2684,svc-api@example.org,0,,1
f6b1f2fb-3833-4190-927b-18cc5f54c469,Momordica balsamina,Momordica balsamina L.,,SPECIES,Plantae,Tracheophyta,Magnoliopsida,Cucurbitales,Cucurbitaceae,Momordica,gbif|powo,herbaceous,2874582,,2026-05-15T13:44:16.185Z,2684,svc-api@example.org,0,,1
a2a4b7cb-d925-421c-adaa-9f2d94ffc690,Morella serrata,Morella serrata (Lam.) Killick,,SPECIES,Plantae,Tracheophyta,Magnoliopsida,Fagales,Myricaceae,Morella,gbif,woody,3745060,,2026-05-15T13:44:16.180Z,2684,svc-api@example.org,0,,1
3e95a860-d0c8-4696-b7d6-4e109c9983a6,Nidorella resedifolia,Nidorella resedifolia DC.,,SPECIES,Plantae,Tracheophyta,Magnoliopsida,Asterales,Asteraceae,Nidorella,gbif|powo,herbaceous,3117464,,2026-05-15T13:44:15.925Z,2684,svc-api@example.org,0,,1
13d788dc-b9eb-4b97-84e3-b18a6194616d,Nymphaea nouchali,Nymphaea nouchali Burm.fil.,,SPECIES,Plantae,Tracheophyta,Magnoliopsida,Nymphaeales,Nymphaeaceae,Nymphaea,gbif|powo,herbaceous,7326947,,2026-05-15T13:44:15.922Z,2684,svc-api@example.org,0,,1
a51fb35c-ebb4-4bf2-a813-e3a20d6ab430,Nesaea rigidula,Nesaea rigidula (Sond.) Koehne,,SPECIES,Plantae,Tracheophyta,Magnoliopsida,Myrtales,Lythraceae,Ammannia,gbif,herbaceous,6051619,,2026-05-15T13:44:15.922Z,2684,svc-api@example.org,0,,1
b347cda1-3f3b-4576-8403-44eead958907,Orbea huillensis,Orbea huillensis (Hiern) Bruyns,,SPECIES,Plantae,Tracheophyta,Magnoliopsida,Gentianales,Apocynaceae,Ceropegia,gbif|powo,herbaceous,7312043,,2026-05-15T13:44:15.834Z,2684,svc-api@example.org,0,,1
57971f4b-65b5-4f6e-8829-86c6986e7e62,Olax dissitiflora,Olax dissitiflora Oliv.,,SPECIES,Plantae,Tracheophyta,Magnoliopsida,Santalales,Olacaceae,Olax,gbif|powo,woody,3685821,,2026-05-15T13:44:15.833Z,2684,svc-api@example.org,0,,1
c1a4c299-0f56-4c4b-92f9-b39be88b0291,Oxygonum alatum,Oxygonum alatum Burch.,,SPECIES,Plantae,Tracheophyta,Magnoliopsida,Caryophyllales,Polygonaceae,Oxygonum,gbif|powo,herbaceous,7291908,,2026-05-15T13:44:15.833Z,2684,svc-api@example.org,0,,1
3c3ff64b-92fd-4d60-9022-63a7c599e108,Ocimum americanum,Ocimum americanum L.,,SPECIES,Plantae,Tracheophyta,Magnoliopsida,Lamiales,Lamiaceae,Ocimum,gbif|powo,herbaceous,2927097,,2026-05-15T13:44:15.831Z,2684,svc-api@example.org,0,,1
08a849c7-9753-418c-b975-724b522d32fa,Ochna pulchra,Ochna pulchra Hook.,,SPECIES,Plantae,Tracheophyta,Magnoliopsida,Malpighiales,Ochnaceae,Ochna,gbif|powo,woody,3694581,,2026-05-15T13:44:15.830Z,2684,svc-api@example.org,0,,1
525cbdd3-5b5f-4f87-8fb5-ec002229375f,Ocimum canum,Ocimum canum Sims,,SPECIES,Plantae,Tracheophyta,Magnoliopsida,Lamiales,Lamiaceae,Ocimum,gbif,herbaceous,2927091,,2026-05-15T13:44:15.829Z,2684,svc-api@example.org,0,,1
cc22b21a-e902-462c-be62-0ca98faaa36e,Orthanthera jasminiflora,Orthanthera jasminiflora (Decne.) Schinz,,SPECIES,Plantae,Tracheophyta,Magnoliopsida,Gentianales,Apocynaceae,Orthanthera,gbif,herbaceous,3574373,,2026-05-15T13:44:15.826Z,2684,svc-api@example.org,0,,1
5cd0c7a3-c3ca-4cbf-a11e-eaabb32fc84c,Panicum repens,Panicum repens L.,,SPECIES,Plantae,Tracheophyta,Liliopsida,Poales,Poaceae,Panicum,gbif|powo,herbaceous,2705093,,2026-05-15T13:44:15.643Z,2684,svc-api@example.org,0,,1
84da2fed-fc1f-4737-89b2-ade708da3769,Panicum coloratum,Panicum coloratum L.,,SPECIES,Plantae,Tracheophyta,Liliopsida,Poales,Poaceae,Panicum,gbif|powo,herbaceous,2705092,,2026-05-15T13:44:15.641Z,2684,svc-api@example.org,0,,1
85bae3ac-e181-4be6-8606-447fe6881e87,Panicum maximum,"Panicum maximum Nees, 1841",,SPECIES,Plantae,Tracheophyta,Liliopsida,Poales,Poaceae,Panicum,gbif,herbaceous,7562245,,2026-05-15T13:44:15.637Z,2684,svc-api@example.org,0,,1
2990153e-1ec7-4bcf-9e21-5ccf4c0ab5f3,Pavetta zeyheri,Pavetta zeyheri Sond.,,SPECIES,Plantae,Tracheophyta,Magnoliopsida,Gentianales,Rubiaceae,Pavetta,gbif|powo,woody,2925085,,2026-05-15T13:44:15.564Z,2684,svc-api@example.org,0,,1
6a9df6d3-eb0f-48ef-9839-d1cc79f921cc,Parinari capensis,Parinari capensis Harv.,,SPECIES,Plantae,Tracheophyta,Magnoliopsida,Malpighiales,Chrysobalanaceae,Parinari,gbif|powo,herbaceous,2985030,,2026-05-15T13:44:15.564Z,2684,svc-api@example.org,0,,1
9a769f60-ef0f-4553-8b86-6338989e00c3,Pavonia burchellii,Pavonia burchellii (DC.) R.A.Dyer,,SPECIES,Plantae,Tracheophyta,Magnoliopsida,Malvales,Malvaceae,Pavonia,gbif|powo,herbaceous,5619236,,2026-05-15T13:44:15.563Z,2684,svc-api@example.org,0,,1
a2635d92-84eb-4044-89d3-c0b3da0238e3,Paspalum scrobiculatum,Paspalum scrobiculatum L.,,SPECIES,Plantae,Tracheophyta,Liliopsida,Poales,Poaceae,Paspalum,gbif|powo,herbaceous,2705610,,2026-05-15T13:44:15.561Z,2684,svc-api@example.org,0,,1
6e7ca491-3bfa-4bfa-82d7-615e198bd855,Parinari curatellifolia,Parinari curatellifolia Planch. ex Benth.,,SPECIES,Plantae,Tracheophyta,Magnoliopsida,Malpighiales,Chrysobalanaceae,Parinari,gbif|powo,woody,8185443,,2026-05-15T13:44:15.559Z,2684,svc-api@example.org,0,,1
42d1817e-b703-40b3-b573-647adae6195e,Pappea capensis,Pappea capensis Eckl. & Zeyh.,,SPECIES,Plantae,Tracheophyta,Magnoliopsida,Sapindales,Sapindaceae,Pappea,gbif|powo,woody,3785741,,2026-05-15T13:44:15.559Z,2684,svc-api@example.org,0,,1
5f77eb3b-4295-495f-9581-41ca4697ebfc,Pavetta cataractarum,Pavetta cataractarum S.Moore,,SPECIES,Plantae,Tracheophyta,Magnoliopsida,Gentianales,Rubiaceae,Pavetta,gbif|powo,woody,2924860,,2026-05-15T13:44:15.556Z,2684,svc-api@example.org,0,,1
205ebff1-7ff4-472d-8e20-9472eb0c5824,Pavonia senegalensis,Pavonia senegalensis (Cav.) Leistner,,SPECIES,Plantae,Tracheophyta,Magnoliopsida,Malvales,Malvaceae,Pavonia,gbif|powo,herbaceous,5618272,,2026-05-15T13:44:15.392Z,2684,svc-api@example.org,0,,1
7afd8c12-0e51-4507-afee-3787c0947e98,Pechuel-loeschea leubnitziae,Pechuel-loeschea leubnitziae (Kuntze) O.Hoffm.,,SPECIES,Plantae,Tracheophyta,Magnoliopsida,Asterales,Asteraceae,Pechuel-loeschea,gbif|powo,herbaceous,3091992,,2026-05-15T13:44:15.387Z,2684,svc-api@example.org,0,,1
2de3f3da-b777-4107-b107-229fe7f51cff,Peltophorum africanum,Peltophorum africanum Sond.,,SPECIES,Plantae,Tracheophyta,Magnoliopsida,Fabales,Fabaceae,Peltophorum,gbif|powo,woody,2952780,,2026-05-15T13:44:15.384Z,2684,svc-api@example.org,0,,1
4c3c1743-5505-4c19-8499-5f3f89bcc48f,Perotis patens,Perotis patens Gand.,,SPECIES,Plantae,Tracheophyta,Liliopsida,Poales,Poaceae,Perotis,gbif|powo,herbaceous,5678853,,2026-05-15T13:44:15.323Z,2684,svc-api@example.org,0,,1
cab4309a-ceb4-4026-a6b9-c734c4fd5f4d,Phoenix reclinata,Phoenix reclinata Jacq.,,SPECIES,Plantae,Tracheophyta,Liliopsida,Arecales,Arecaceae,Phoenix,gbif|powo,woody,5293164,,2026-05-15T13:44:15.321Z,2684,svc-api@example.org,0,,1
f2458781-bcaf-45af-97a9-fd32278db74d,Persicaria limbata,Persicaria limbata (Meisn.) H.Hara,,SPECIES,Plantae,Tracheophyta,Magnoliopsida,Caryophyllales,Polygonaceae,Persicaria,gbif|powo,herbaceous,4034594,,2026-05-15T13:44:15.318Z,2684,svc-api@example.org,0,,1
4a872db7-9644-48b6-9ad8-0ada70b67051,Vachellia mellifera,Vachellia mellifera (Vahl) Seigler & Ebinger,,SPECIES,Plantae,Tracheophyta,Magnoliopsida,Fabales,Fabaceae,Vachellia,gbif|powo,woody,8039365,,2026-05-15T13:44:15.317Z,2684,svc-api@example.org,0,,1
751f4263-af33-49a4-89fa-cf24ca3d4aa4,Phyllanthus reticulatus,Phyllanthus reticulatus Poir.,,SPECIES,Plantae,Tracheophyta,Magnoliopsida,Malpighiales,Phyllanthaceae,Phyllanthus,gbif|powo,woody,5382478,,2026-05-15T13:44:15.317Z,2684,svc-api@example.org,0,,1
4b3c0f27-8389-4f30-af5c-b1ee114ed6ff,Pergularia daemia,Pergularia daemia (Forssk.) Chiov.,,SPECIES,Plantae,Tracheophyta,Magnoliopsida,Gentianales,Apocynaceae,Pergularia,gbif|powo,herbaceous,3170445,,2026-05-15T13:44:15.316Z,2684,svc-api@example.org,0,,1
cb2b1b9d-fde9-4734-a7a1-a60bec9e7a6d,Phragmites australis,Phragmites australis (Cav.) Trin. ex Steud.,,SPECIES,Plantae,Tracheophyta,Liliopsida,Poales,Poaceae,Phragmites,gbif|powo,herbaceous,5290149,,2026-05-15T13:44:15.315Z,2684,svc-api@example.org,0,,1
85e4e4cc-5af9-44c5-824e-b3c72aba7049,Piliostigma thonningii,Piliostigma thonningii (Schumach.) Milne-Redh.,,SPECIES,Plantae,Tracheophyta,Magnoliopsida,Fabales,Fabaceae,Piliostigma,gbif|powo,woody,2953141,,2026-05-15T13:44:15.137Z,2684,svc-api@example.org,0,,1
27505bea-4e98-4fa3-a556-2ad9c56e30d1,Plumbago zeylanica,Plumbago zeylanica L.,,SPECIES,Plantae,Tracheophyta,Magnoliopsida,Caryophyllales,Plumbaginaceae,Plumbago,gbif|powo,herbaceous,3082282,,2026-05-15T13:44:15.136Z,2684,svc-api@example.org,0,,1
494464b8-60d7-49a0-a933-153e495e90cf,Plectranthus tetensis,Plectranthus tetensis (Baker) Agnew,,SPECIES,Plantae,Tracheophyta,Magnoliopsida,Lamiales,Lamiaceae,Coleus,gbif,herbaceous,3901191,,2026-05-15T13:44:15.136Z,2684,svc-api@example.org,0,,1
8a3bc05f-8a93-494c-8a2e-661fddab6af8,Psydrax lividus,Psydrax lividus (Hiern) Bridson,,SPECIES,Plantae,Tracheophyta,Magnoliopsida,Gentianales,Rubiaceae,Psydrax,gbif,woody,2893112,,2026-05-15T13:44:15.058Z,2684,svc-api@example.org,0,,1
cdc30e17-bf4f-4243-9c0b-0698d69bc373,Pogonarthria squarrosa,Pogonarthria squarrosa (Licht.) Pilg.,,SPECIES,Plantae,Tracheophyta,Liliopsida,Poales,Poaceae,Pogonarthria,gbif|powo,herbaceous,4105701,,2026-05-15T13:44:15.057Z,2684,svc-api@example.org,0,,1
23e06843-05eb-4035-9d49-cda83c36f96f,Pollichia campestris,Pollichia campestris Aiton,,SPECIES,Plantae,Tracheophyta,Magnoliopsida,Caryophyllales,Caryophyllaceae,Pollichia,gbif|powo,herbaceous,7843610,,2026-05-15T13:44:15.055Z,2684,svc-api@example.org,0,,1
62380da5-c5fe-4ee4-a440-329d04924532,Protea gaguedi,Protea gaguedi J.F.Gmel.,,SPECIES,Plantae,Tracheophyta,Magnoliopsida,Proteales,Proteaceae,Protea,gbif|powo,woody,7287465,,2026-05-15T13:44:15.054Z,2684,svc-api@example.org,0,,1
904cbdf6-4ce9-47bf-8323-b092861c3b58,Pterocarpus angolensis,Pterocarpus angolensis DC.,,SPECIES,Plantae,Tracheophyta,Magnoliopsida,Fabales,Fabaceae,Pterocarpus,gbif|powo,woody,5349240,,2026-05-15T13:44:15.053Z,2684,svc-api@example.org,0,,1
215c8636-1978-42aa-86a1-9c3b5962055b,Portulaca kermesina,Portulaca kermesina N.E.Br.,,SPECIES,Plantae,Tracheophyta,Magnoliopsida,Caryophyllales,Portulacaceae,Portulaca,gbif|powo,herbaceous,7288931,,2026-05-15T13:44:15.052Z,2684,svc-api@example.org,0,,1
a0246e20-7bb2-451f-8021-dc20cfac95fa,Pseudolachnostylis maprouneifolia,Pseudolachnostylis maprouneifolia Pax,,SPECIES,Plantae,Tracheophyta,Magnoliopsida,Malpighiales,Phyllanthaceae,Pseudolachnostylis,gbif|powo,woody,3079056,,2026-05-15T13:44:15.051Z,2684,svc-api@example.org,0,,1
3b8cf97d-36a4-4eef-877f-62e48ebd356c,Raphionacme velutina,Raphionacme velutina Schltr.,,SPECIES,Plantae,Tracheophyta,Magnoliopsida,Gentianales,Apocynaceae,Raphionacme,gbif|powo,herbaceous,3573069,,2026-05-15T13:44:14.857Z,2684,svc-api@example.org,0,,1
d28bc79a-42b8-4cf2-991b-acd944f819fa,Pupalia lappacea,Pupalia lappacea (L.) A.Juss.,,SPECIES,Plantae,Tracheophyta,Magnoliopsida,Caryophyllales,Amaranthaceae,Pupalia,gbif|powo,herbaceous,7323604,,2026-05-15T13:44:14.853Z,2684,svc-api@example.org,0,,1
1937ca69-2957-4621-91cf-4bb35c36f7ae,Raphionacme lanceolata,Raphionacme lanceolata Schinz,,SPECIES,Plantae,Tracheophyta,Magnoliopsida,Gentianales,Apocynaceae,Raphionacme,gbif|powo,herbaceous,3573340,,2026-05-15T13:44:14.852Z,2684,svc-api@example.org,0,,1
b27ddb6e-0a44-4376-8135-6044f1814da3,Scadoxus multiflorus,Scadoxus multiflorus (Martyn) Raf.,,SPECIES,Plantae,Tracheophyta,,,Amaryllidaceae,Scadoxus,powo,herbaceous,287367,,2026-05-15T13:44:14.783Z,2684,svc-api@example.org,0,,1
72cec426-a7ab-4870-9195-abab4a806164,Sansevieria pearsonii,Sansevieria pearsonii N.E.Br.,,SPECIES,Plantae,Tracheophyta,Liliopsida,Asparagales,Asparagaceae,Dracaena,gbif,herbaceous,2770674,,2026-05-15T13:44:14.779Z,2684,svc-api@example.org,0,,1
f445ace0-fb9c-43d4-b555-275a75d6ee2c,Salacia luebbertii,Salacia luebbertii Loes.,,SPECIES,Plantae,Tracheophyta,Magnoliopsida,Celastrales,Celastraceae,Salacia,gbif|powo,herbaceous,5580336,,2026-05-15T13:44:14.775Z,2684,svc-api@example.org,0,,1
a9fd2152-6197-422e-855b-43df3963eeb7,Salvadora persica,Salvadora persica L.,,SPECIES,Plantae,Tracheophyta,Magnoliopsida,Brassicales,Salvadoraceae,Salvadora,gbif|powo,woody,5580727,,2026-05-15T13:44:14.774Z,2684,svc-api@example.org,0,,1
65a3e711-a927-4286-b5d4-fa3a911650fa,Rhus tenuinervis,Rhus tenuinervis Engl.,,SPECIES,Plantae,Tracheophyta,Magnoliopsida,Sapindales,Anacardiaceae,Searsia,gbif,woody,3660430,,2026-05-15T13:44:14.773Z,2684,svc-api@example.org,0,,1
642488f9-6362-4e5c-a2a1-d09c66627a6b,Rhigozum brevispinosum,Rhigozum brevispinosum Kuntze,,SPECIES,Plantae,Tracheophyta,Magnoliopsida,Lamiales,Bignoniaceae,Rhigozum,gbif|powo,woody,4092023,,2026-05-15T13:44:14.770Z,2684,svc-api@example.org,0,,1
2e401b31-ce0a-42b4-a0bb-ef51181d12ed,Sansevieria aethiopica,Sansevieria aethiopica Thunb.,,SPECIES,Plantae,Tracheophyta,Liliopsida,Asparagales,Asparagaceae,Dracaena,gbif,herbaceous,2770677,,2026-05-15T13:44:14.768Z,2684,svc-api@example.org,0,,1
69bb7246-465e-4fe0-a54f-462f55f29c63,Schizachyrium jeffreysii,Schizachyrium jeffreysii (Hack.) Stapf,,SPECIES,Plantae,Tracheophyta,Liliopsida,Poales,Poaceae,Schizachyrium,gbif|powo,herbaceous,4124815,,2026-05-15T13:44:14.595Z,2684,svc-api@example.org,0,,1
147509b7-fed8-492c-b595-4087e2db4e4b,Schizachyrium sanguineum,Schizachyrium sanguineum (Retz.) Alston,,SPECIES,Plantae,Tracheophyta,Liliopsida,Poales,Poaceae,Schizachyrium,gbif|powo,herbaceous,2704446,,2026-05-15T13:44:14.594Z,2684,svc-api@example.org,0,,1
e319db6a-c4eb-4221-8713-f26a851e810f,Schinziophyton rautanenii,Schinziophyton rautanenii (Schinz) Radcl.-Sm.,,SPECIES,Plantae,Tracheophyta,Magnoliopsida,Malpighiales,Euphorbiaceae,Schinziophyton,gbif|powo,woody,3071110,,2026-05-15T13:44:14.591Z,2684,svc-api@example.org,0,,1
7a64bc54-1c39-48ee-901a-417d7b041577,Sclerocarya birrea,Sclerocarya birrea (A.Rich.) Hochst.,,SPECIES,Plantae,Tracheophyta,Magnoliopsida,Sapindales,Anacardiaceae,Sclerocarya,gbif|powo,woody,7160810,,2026-05-15T13:44:14.512Z,2684,svc-api@example.org,0,,1
3d629d4b-b66d-4e29-97cd-a38475ba2e74,Sesbania bispinosa,Sesbania bispinosa (Jacq.) W.Wight,,SPECIES,Plantae,Tracheophyta,Magnoliopsida,Fabales,Fabaceae,Sesbania,gbif|powo,herbaceous,2970721,,2026-05-15T13:44:14.512Z,2684,svc-api@example.org,0,,1
86aaf165-f3eb-469b-803c-4ca76b112bbd,Schmidtia pappophoroides,Schmidtia pappophoroides Steud. ex J.A.Schmidt,,SPECIES,Plantae,Tracheophyta,Liliopsida,Poales,Poaceae,Schmidtia,gbif|powo,herbaceous,5674887,,2026-05-15T13:44:14.511Z,2684,svc-api@example.org,0,,1
f7ac5f7c-e8c3-4a4e-8046-93480eba86b4,Sesamum triphyllum,Sesamum triphyllum Welw. ex Asch.,,SPECIES,Plantae,Tracheophyta,Magnoliopsida,Lamiales,Pedaliaceae,Sesamum,gbif|powo,herbaceous,3585152,,2026-05-15T13:44:14.510Z,2684,svc-api@example.org,0,,1
c580408b-30cc-46cb-9d7c-ae3510e6d027,Schmidtia kalihariensis,Schmidtia kalihariensis Stent,,SPECIES,Plantae,Tracheophyta,Liliopsida,Poales,Poaceae,Schmidtia,gbif,herbaceous,11186106,,2026-05-15T13:44:14.507Z,2684,svc-api@example.org,0,,1
d7767403-3bd8-49be-93de-25218c47859c,Sesbania sesban,Sesbania sesban (L.) Merr.,,SPECIES,Plantae,Tracheophyta,Magnoliopsida,Fabales,Fabaceae,Sesbania,gbif|powo,woody,2970648,,2026-05-15T13:44:14.505Z,2684,svc-api@example.org,0,,1
34915ec5-c9cd-411b-8bbc-b91f80f126ae,Senecio strictifolius,Senecio strictifolius Hiern,,SPECIES,Plantae,Tracheophyta,Magnoliopsida,Asterales,Asteraceae,Senecio,gbif|powo,herbaceous,3108833,,2026-05-15T13:44:14.504Z,2684,svc-api@example.org,0,,1
872945c2-b08d-43b8-9fdf-475e7b5a1ccf,Setaria sphacelata,Setaria sphacelata (Schumach.) Stapf & C.E.Hubb. ex Moss,,SPECIES,Plantae,Tracheophyta,,,Poaceae,Setaria,powo,herbaceous,442714,,2026-05-15T13:44:14.337Z,2684,svc-api@example.org,0,,1
7052d629-30d8-4d83-91a9-c85be9e7cd40,Setaria verticillata,Setaria verticillata (L.) P.Beauv.,,SPECIES,Plantae,Tracheophyta,Liliopsida,Poales,Poaceae,Setaria,gbif|powo,herbaceous,5289686,,2026-05-15T13:44:14.336Z,2684,svc-api@example.org,0,,1
4d425a7c-da7f-43cc-98f8-7b871f1ce5c6,Setaria sagittifolia,Setaria sagittifolia (A.Rich.) Walp.,,SPECIES,Plantae,Tracheophyta,Liliopsida,Poales,Poaceae,Setaria,gbif|powo,herbaceous,5673675,,2026-05-15T13:44:14.335Z,2684,svc-api@example.org,0,,1
a282b3d0-d550-4826-b968-382bc5e1f11c,Solanum delagoense,Solanum delagoense Dunal,,SPECIES,Plantae,Tracheophyta,Magnoliopsida,Solanales,Solanaceae,Solanum,gbif,herbaceous,2931325,,2026-05-15T13:44:14.257Z,2684,svc-api@example.org,0,,1
f407986d-94a5-4fa9-a058-b9f183687960,Sida cordifolia,Sida cordifolia L.,,SPECIES,Plantae,Tracheophyta,Magnoliopsida,Malvales,Malvaceae,Sida,gbif|powo,herbaceous,5406755,,2026-05-15T13:44:14.256Z,2684,svc-api@example.org,0,,1
63739b51-7772-480e-aa6e-2bd8645c2f59,Solanum panduriforme,Solanum panduriforme E.Mey.,,SPECIES,Plantae,Tracheophyta,Magnoliopsida,Solanales,Solanaceae,Solanum,gbif,herbaceous,2931607,,2026-05-15T13:44:14.256Z,2684,svc-api@example.org,0,,1
612a75dc-281a-46f4-9b0e-1cc02540bc14,Solanum catombelense,Solanum catombelense Peyr.,,SPECIES,Plantae,Tracheophyta,Magnoliopsida,Solanales,Solanaceae,Solanum,gbif|powo,herbaceous,2931955,,2026-05-15T13:44:14.256Z,2684,svc-api@example.org,0,,1
adca46e1-c4e5-4040-819f-80e6099c4fdc,Solanum tettense,Solanum tettense Klotzsch,,SPECIES,Plantae,Tracheophyta,Magnoliopsida,Solanales,Solanaceae,Solanum,gbif|powo,herbaceous,2931701,,2026-05-15T13:44:14.253Z,2684,svc-api@example.org,0,,1
77e03c3f-99a9-4a40-98a1-ed2f126562cf,Sorghum bicolor,Sorghum bicolor (L.) Moench,,SPECIES,Plantae,Tracheophyta,Liliopsida,Poales,Poaceae,Sorghum,gbif|powo,herbaceous,2705181,,2026-05-15T13:44:14.252Z,2684,svc-api@example.org,0,,1
690632f2-78ec-498e-95ed-91d58f033ca0,Solanum supinum,Solanum supinum Dunal,,SPECIES,Plantae,Tracheophyta,Magnoliopsida,Solanales,Solanaceae,Solanum,gbif|powo,herbaceous,2931659,,2026-05-15T13:44:14.251Z,2684,svc-api@example.org,0,,1
1522e64d-3ecf-4f57-a1f3-9913f6fd9cdc,Sporobolus festivus,Sporobolus festivus Hochst. ex A.Rich.,,SPECIES,Plantae,Tracheophyta,Liliopsida,Poales,Poaceae,Sporobolus,gbif|powo,herbaceous,4150265,,2026-05-15T13:44:14.083Z,2684,svc-api@example.org,0,,1
fce986cf-1694-46ae-8160-f87274de6d0c,Sphaeranthus incisus,Sphaeranthus incisus Robyns,,SPECIES,Plantae,Tracheophyta,Magnoliopsida,Asterales,Asteraceae,Sphaeranthus,gbif,herbaceous,4248146,,2026-05-15T13:44:14.083Z,2684,svc-api@example.org,0,,1
950697b1-72c5-4abf-bb41-30e726141de9,Sorghum versicolor,Sorghum versicolor Andersson,,SPECIES,Plantae,Tracheophyta,Liliopsida,Poales,Poaceae,Sarga,gbif,herbaceous,4105548,,2026-05-15T13:44:14.082Z,2684,svc-api@example.org,0,,1
ba13ca6b-00c5-4509-9d1c-19f387781a76,Sporobolus ioclados,Sporobolus ioclados (Nees ex Trin.) Nees,,SPECIES,Plantae,Tracheophyta,Liliopsida,Poales,Poaceae,Sporobolus,gbif|powo,herbaceous,4149487,,2026-05-15T13:44:14.005Z,2684,svc-api@example.org,0,,1
869924d6-ce39-41c9-ac72-905b53262c46,Sporobolus fimbriatus,Sporobolus fimbriatus (Nees ex Trin.) Nees,,SPECIES,Plantae,Tracheophyta,Liliopsida,Poales,Poaceae,Sporobolus,gbif|powo,herbaceous,2704773,,2026-05-15T13:44:14.004Z,2684,svc-api@example.org,0,,1
0c32f3e2-39cc-4bd6-b3e7-599f13a90fbf,Steganotaenia araliacea,Steganotaenia araliacea Hochst.,,SPECIES,Plantae,Tracheophyta,Magnoliopsida,Apiales,Apiaceae,Steganotaenia,gbif|powo,woody,3637619,,2026-05-15T13:44:14.003Z,2684,svc-api@example.org,0,,1
40749d41-c91d-437d-9a97-d61fa1782330,Stapelia kwebensis,Stapelia kwebensis N.E.Br.,,SPECIES,Plantae,Tracheophyta,Magnoliopsida,Gentianales,Apocynaceae,Ceropegia,gbif|powo,herbaceous,3575854,,2026-05-15T13:44:14.002Z,2684,svc-api@example.org,0,,1
21b5bf33-d7df-468f-bb1e-8b917aa9a817,Sterculia africana,Sterculia africana (Lour.) Fiori,,SPECIES,Plantae,Tracheophyta,Magnoliopsida,Malvales,Malvaceae,Sterculia,gbif|powo,woody,7342772,,2026-05-15T13:44:14.001Z,2684,svc-api@example.org,0,,1
d6b1b508-2e02-409a-9c7c-a2a7f5e03d63,Stenostelma capense,Stenostelma capense Schltr.,,SPECIES,Plantae,Tracheophyta,Magnoliopsida,Gentianales,Apocynaceae,Stenostelma,gbif|powo,herbaceous,3573418,,2026-05-15T13:44:13.999Z,2684,svc-api@example.org,0,,1
cd949e8c-44d5-49ef-81c5-f91c4dc0106b,Sporobolus panicoides,Sporobolus panicoides A.Rich.,,SPECIES,Plantae,Tracheophyta,Liliopsida,Poales,Poaceae,Sporobolus,gbif|powo,herbaceous,4116955,,2026-05-15T13:44:13.998Z,2684,svc-api@example.org,0,,1
b86c1cb7-d5d3-4f6f-b8e6-89d47fad490a,Stipagrostis hirtigluma,Stipagrostis hirtigluma (Steud. ex Trin. & Rupr.) De Winter,,SPECIES,Plantae,Tracheophyta,Liliopsida,Poales,Poaceae,Stipagrostis,gbif|powo,herbaceous,4130547,,2026-05-15T13:44:13.832Z,2684,svc-api@example.org,0,,1
16548a61-caea-42ee-a333-de8cf19678dd,Strophanthus kombe,Strophanthus kombe Oliv.,,SPECIES,Plantae,Tracheophyta,Magnoliopsida,Gentianales,Apocynaceae,Strophanthus,gbif|powo,woody,3169614,,2026-05-15T13:44:13.831Z,2684,svc-api@example.org,0,,1
3dc8fbd8-655a-4e27-93c5-a3f298638dd7,Stipagrostis uniplumis,Stipagrostis uniplumis (Licht.) De Winter,,SPECIES,Plantae,Tracheophyta,Liliopsida,Poales,Poaceae,Stipagrostis,gbif|powo,herbaceous,4130126,,2026-05-15T13:44:13.831Z,2684,svc-api@example.org,0,,1
0a71dfe9-23ff-4016-b3be-64cb3c87b250,Strychnos potatorum,Strychnos potatorum L.fil.,,SPECIES,Plantae,Tracheophyta,Magnoliopsida,Gentianales,Loganiaceae,Strychnos,gbif|powo,woody,7725922,,2026-05-15T13:44:13.753Z,2684,svc-api@example.org,0,,1
89932d82-26f2-4197-b53b-997960219e0e,Strychnos spinosa,Strychnos spinosa Lam.,,SPECIES,Plantae,Tracheophyta,Magnoliopsida,Gentianales,Loganiaceae,Strychnos,gbif|powo,woody,5414400,,2026-05-15T13:44:13.752Z,2684,svc-api@example.org,0,,1
3344a818-7309-499c-ba09-c9666882043c,Strychnos cocculoides,Strychnos cocculoides Baker,,SPECIES,Plantae,Tracheophyta,Magnoliopsida,Gentianales,Loganiaceae,Strychnos,gbif|powo,woody,5645506,,2026-05-15T13:44:13.752Z,2684,svc-api@example.org,0,,1
b63d982a-9a7d-4987-babd-a33aff4de537,Strychnos pungens,Strychnos pungens Soler.,,SPECIES,Plantae,Tracheophyta,Magnoliopsida,Gentianales,Loganiaceae,Strychnos,gbif,woody,7556365,,2026-05-15T13:44:13.751Z,2684,svc-api@example.org,0,,1
56fbe3f6-4e89-4e72-9705-8e83612fa660,Syzygium cordatum,Syzygium cordatum Hochst.,,SPECIES,Plantae,Tracheophyta,Magnoliopsida,Myrtales,Myrtaceae,Syzygium,gbif|powo,woody,8652576,,2026-05-15T13:44:13.750Z,2684,svc-api@example.org,0,,1
4137f9b4-cdbb-4b9d-99a3-81e265712d11,Syzygium guineense,Syzygium guineense (Willd.) DC.,,SPECIES,Plantae,Tracheophyta,Magnoliopsida,Myrtales,Myrtaceae,Syzygium,gbif|powo,woody,3183278,,2026-05-15T13:44:13.749Z,2684,svc-api@example.org,0,,1
bc7ab928-ce8f-4963-b830-01c0d2c3e8c4,Swartzia madagascariensis,Swartzia madagascariensis Desv.,,SPECIES,Plantae,Tracheophyta,Magnoliopsida,Fabales,Fabaceae,Bobgunnia,gbif,woody,5360525,,2026-05-15T13:44:13.749Z,2684,svc-api@example.org,0,,1
b9424903-3723-4f77-9336-8594eef29653,Talinum tenuissimum,Talinum tenuissimum Dinter,,SPECIES,Plantae,Tracheophyta,Magnoliopsida,Caryophyllales,Talinaceae,Talinum,gbif|powo,herbaceous,4021873,,2026-05-15T13:44:13.582Z,2684,svc-api@example.org,0,,1
420cdfc9-a3ce-45c5-8845-87cbaea56c9b,Talinum caffrum,Talinum caffrum (Thunb.) Eckl. & Zeyh.,,SPECIES,Plantae,Tracheophyta,Magnoliopsida,Caryophyllales,Talinaceae,Talinum,gbif,herbaceous,4022602,,2026-05-15T13:44:13.580Z,2684,svc-api@example.org,0,,1
8fb0d62d-8b17-44bd-a018-dd7c001598d9,Tapinanthus oleifolius,Tapinanthus oleifolius (J.C.Wendl.) Danser,,SPECIES,Plantae,Tracheophyta,Magnoliopsida,Santalales,Loranthaceae,Tapinanthus,gbif|powo,herbaceous,4002587,,2026-05-15T13:44:13.577Z,2684,svc-api@example.org,0,,1
f98a088b-5368-4b16-ad6d-dc3be99e6097,Terminalia brownii,Terminalia brownii Fresen.,,SPECIES,Plantae,Tracheophyta,Magnoliopsida,Myrtales,Combretaceae,Terminalia,gbif|powo,woody,3189866,,2026-05-15T13:44:13.512Z,2684,svc-api@example.org,0,,1
f7a75f54-5a91-49ce-936c-4f7a056ddff6,Terminalia boivinii,Terminalia boivinii Tul.,,SPECIES,Plantae,Tracheophyta,Magnoliopsida,Myrtales,Combretaceae,Terminalia,gbif|powo,woody,3699112,,2026-05-15T13:44:13.512Z,2684,svc-api@example.org,0,,1
44c9cf82-2e8d-487e-98ed-602e8492c5a8,Tarchonanthus camphoratus,Tarchonanthus camphoratus L.,,SPECIES,Plantae,Tracheophyta,Magnoliopsida,Asterales,Asteraceae,Tarchonanthus,gbif|powo,herbaceous,3141279,,2026-05-15T13:44:13.511Z,2684,svc-api@example.org,0,,1
5fe95ed5-b012-445f-920e-08f17b9c4203,Themeda triandra,Themeda triandra Forssk.,,SPECIES,Plantae,Tracheophyta,Liliopsida,Poales,Poaceae,Themeda,gbif|powo,herbaceous,2703467,,2026-05-15T13:44:13.509Z,2684,svc-api@example.org,0,,1
b0fd212a-17d2-462d-8ed3-d7e9167809ba,Trachypogon spicatus,Trachypogon spicatus (L.f.) Kuntze,,SPECIES,Plantae,Tracheophyta,Liliopsida,Poales,Poaceae,Trachypogon,gbif|powo,herbaceous,2703494,,2026-05-15T13:44:13.502Z,2684,svc-api@example.org,0,,1
db3a7687-15f8-4b28-875a-6d5012afcc88,Tephrosia lupinifolia,Tephrosia lupinifolia DC.,,SPECIES,Plantae,Tracheophyta,Magnoliopsida,Fabales,Fabaceae,Tephrosia,gbif|powo,herbaceous,5342387,,2026-05-15T13:44:13.502Z,2684,svc-api@example.org,0,,1
6d86a7e5-18b7-4dee-9784-e2e76d1f8ba5,Terminalia prunioides,Terminalia prunioides M.A.Lawson,,SPECIES,Plantae,Tracheophyta,Magnoliopsida,Myrtales,Combretaceae,Terminalia,gbif|powo,woody,3698514,,2026-05-15T13:44:13.501Z,2684,svc-api@example.org,0,,1
ec5af9d8-c22d-4c1c-9590-0ce7a1ddda26,Tragus berteronianus,Tragus berteronianus Schult.,,SPECIES,Plantae,Tracheophyta,Liliopsida,Poales,Poaceae,Tragus,gbif|powo,herbaceous,5290129,,2026-05-15T13:44:13.327Z,2684,svc-api@example.org,0,,1
9a46a810-f854-4b5a-92ad-ba9930a21c3a,Tricalysia junodii,Tricalysia junodii (Schinz) Brenan,,SPECIES,Plantae,Tracheophyta,Magnoliopsida,Gentianales,Rubiaceae,Empogona,gbif,woody,2900710,,2026-05-15T13:44:13.327Z,2684,svc-api@example.org,0,,1
81346674-e156-4313-a055-16fb00477d73,Tricholaena monachne,Tricholaena monachne (Trin.) Stapf & C.E.Hubb.,,SPECIES,Plantae,Tracheophyta,Liliopsida,Poales,Poaceae,Tricholaena,gbif|powo,herbaceous,4120843,,2026-05-15T13:44:13.322Z,2684,svc-api@example.org,0,,1
9bc8b731-2892-4d0b-bd26-e0611364ffb1,Tylosema esculentum,Tylosema esculentum (Burch.) A.Schreib.,,SPECIES,Plantae,Tracheophyta,Magnoliopsida,Fabales,Fabaceae,Tylosema,gbif|powo,herbaceous,5353681,,2026-05-15T13:44:13.248Z,2684,svc-api@example.org,0,,1
f1e3a0aa-26a2-481b-9e4d-80a7222bf115,Trichoneura grandiglumis,Trichoneura grandiglumis (Nees) Ekman,,SPECIES,Plantae,Tracheophyta,Liliopsida,Poales,Poaceae,Trichoneura,gbif|powo,herbaceous,7355530,,2026-05-15T13:44:13.248Z,2684,svc-api@example.org,0,,1
9ab8c574-90c7-4055-98e9-f58b576de7e2,Urochloa mosambicensis,Urochloa mosambicensis (Hack.) Dandy,,SPECIES,Plantae,Tracheophyta,Liliopsida,Poales,Poaceae,Urochloa,gbif,herbaceous,2705861,,2026-05-15T13:44:13.247Z,2684,svc-api@example.org,0,,1
85931d5b-ac9c-4ef9-b573-346e12bdf647,Vangueria cyanescens,Vangueria cyanescens Robyns,,SPECIES,Plantae,Tracheophyta,Magnoliopsida,Gentianales,Rubiaceae,Vangueria,gbif,woody,2917741,,2026-05-15T13:44:13.246Z,2684,svc-api@example.org,0,,1
9cc467b8-7ef0-4ebc-a124-abfb98185779,Trochomeria macrocarpa,Trochomeria macrocarpa (Sond.) Harv.,,SPECIES,Plantae,Tracheophyta,Magnoliopsida,Cucurbitales,Cucurbitaceae,Trochomeria,gbif|powo,herbaceous,4939904,,2026-05-15T13:44:13.246Z,2684,svc-api@example.org,0,,1
c924176d-b97f-4cb0-97e1-49b80c415e60,Vangueria ferruginea,Vangueria ferruginea (Welw.),,SPECIES,Plantae,Tracheophyta,Magnoliopsida,Gentianales,Rubiaceae,Vangueria,gbif,herbaceous,2917772,,2026-05-15T13:44:13.243Z,2684,svc-api@example.org,0,,1
ba9daff1-d4ea-4f2b-af0e-e3e8a6582784,Urochloa oligotricha,Urochloa oligotricha (Fig. & De Not.) Henrard,,SPECIES,Plantae,Tracheophyta,Liliopsida,Poales,Poaceae,Urochloa,gbif|powo,herbaceous,4150143,,2026-05-15T13:44:13.243Z,2684,svc-api@example.org,0,,1
c972e9cb-9439-4f0c-86a5-225856fa810c,Vangueriopsis lancifolia,Vangueriopsis lancifolia Greenway,,SPECIES,Plantae,Tracheophyta,Magnoliopsida,Gentianales,Rubiaceae,Vangueriopsis,gbif,woody,2913018,,2026-05-15T13:44:13.043Z,2684,svc-api@example.org,0,,1
a68e6914-2994-441f-b621-055378bd37cb,Vigna vexillata,Vigna vexillata (L.) A.Rich.,,SPECIES,Plantae,Tracheophyta,Magnoliopsida,Fabales,Fabaceae,Vigna,gbif|powo,herbaceous,2982409,,2026-05-15T13:44:13.040Z,2684,svc-api@example.org,0,,1
796604a3-3567-422b-bab3-11fff61562f5,Vangueria infausta,Vangueria infausta Burch.,,SPECIES,Plantae,Tracheophyta,Magnoliopsida,Gentianales,Rubiaceae,Vangueria,gbif|powo,woody,2917876,,2026-05-15T13:44:13.038Z,2684,svc-api@example.org,0,,1
e28690c9-eab5-4e5f-a30a-0e3b02d3e2d7,Withania somnifera,Withania somnifera (L.) Dunal,,SPECIES,Plantae,Tracheophyta,Magnoliopsida,Solanales,Solanaceae,Withania,gbif|powo,herbaceous,2928840,,2026-05-15T13:44:13.013Z,2684,svc-api@example.org,0,,1
b41e2990-c21b-41b6-a1b9-05da1327f609,Ximenia caffra,Ximenia caffra Sond.,,SPECIES,Plantae,Tracheophyta,Magnoliopsida,Santalales,Ximeniaceae,Ximenia,gbif,woody,3685830,,2026-05-15T13:44:13.007Z,2684,svc-api@example.org,0,,1
4476271c-43a6-4022-b4d8-296da07ee947,Ziziphus mucronata,Ziziphus mucronata Willd.,,SPECIES,Plantae,Tracheophyta,Magnoliopsida,Rosales,Rhamnaceae,Ziziphus,gbif|powo,woody,3875567,,2026-05-15T13:44:12.988Z,2684,svc-api@example.org,0,,1
8fb56826-0f75-4fd9-afc2-f995f704dbcf,Hibiscus micranthus,Hibiscus micranthus L.fil.,,SPECIES,Plantae,Tracheophyta,Magnoliopsida,Malvales,Malvaceae,Hibiscus,gbif|powo,herbaceous,8356610,,2026-05-15T13:44:12.977Z,2684,svc-api@example.org,0,,1
b084f723-9702-4077-bafa-1a9156857b84,Ximenia americana,Ximenia americana L.,,SPECIES,Plantae,Tracheophyta,Magnoliopsida,Santalales,Ximeniaceae,Ximenia,gbif|powo,woody,2889811,,2026-05-15T13:44:12.939Z,2684,svc-api@example.org,0,,1
4b323999-a42d-4d2c-8990-0ac863f6e67d,Zehneria marlothii,Zehneria marlothii (Cogn.) R.Fern. & A.Fern.,,SPECIES,Plantae,Tracheophyta,Magnoliopsida,Cucurbitales,Cucurbitaceae,Zehneria,gbif|powo,herbaceous,3624579,,2026-05-15T13:44:12.786Z,2684,svc-api@example.org,0,,1
9dc4c027-9029-435d-8d79-f5de1f825603,Walleria nutans,Walleria nutans J.Kirk,,SPECIES,Plantae,Tracheophyta,Liliopsida,Asparagales,Tecophilaeaceae,Walleria,gbif|powo,herbaceous,2860815,,2026-05-15T13:44:12.779Z,2684,svc-api@example.org,0,,1
