__id,label,choice_status,unknown_index,review_status,new_record_reason,group_type,new_assigned_uuid,__createdAt,__creatorId,__creatorName,__updates,__updatedAt,__version
d1db35ce-f75a-4c80-92ed-fd3acde9eb6a,wood_001,active,1,pending,unknown_species,woody,,2026-05-15T11:58:26.631Z,2684,svc-api@example.org,6,2026-05-19T15:49:23.341Z,7
86e48f75-a0d5-4cae-b0c7-f03a025bb150,Evolvulus alsinoides ,active,1,pending,missing_species,herb,,2026-05-15T11:58:26.631Z,2684,svc-api@example.org,4,2026-05-19T16:40:06.406Z,5
70a10702-59bb-47b0-90b3-cc0886ce3467,wood_002,active,2,pending,unknown_species,woody,,2026-05-15T11:58:26.631Z,2684,svc-api@example.org,4,2026-05-19T16:17:00.743Z,5
fee329ca-e301-4c77-9fe8-dda15a1ef3cc,herb_002,active,2,pending,unknown_species,herb,,2026-05-15T11:58:26.631Z,2684,svc-api@example.org,4,2026-05-19T16:40:06.466Z,5
b4e9e5db-9214-4090-ab96-1be71ea48359,wood_003 (Vachellia xanthophloea),active,3,pending,missing_species,woody,,2026-05-15T11:58:26.631Z,2684,svc-api@example.org,4,2026-05-21T08:59:24.557Z,5
87bf5d7b-ed1b-489a-8b71-31862f876fcf,Alectra orobanchoides,active,3,pending,missing_species,herb,,2026-05-15T11:58:26.631Z,2684,svc-api@example.org,4,2026-05-19T16:40:06.522Z,5
85b6ecff-ef49-4c0c-99c1-6e5674cc81f6,wood_004,active,4,pending,unknown_species,woody,,2026-05-15T11:58:26.631Z,2684,svc-api@example.org,4,2026-05-22T07:23:38.008Z,5
6cfa0d1b-d0f6-4a6c-bd0d-5a0c3e586d9b,Tephrosia purpurea,active,4,pending,missing_species,herb,,2026-05-15T11:58:26.631Z,2684,svc-api@example.org,6,2026-05-19T16:40:06.579Z,7
0d421151-c2da-417c-9ab7-0b92d5778824,wood_005,active,5,pending,unknown_species,woody,,2026-05-15T11:58:26.631Z,2684,svc-api@example.org,4,2026-05-22T07:23:38.289Z,5
cb7ec77f-8e1d-4354-bfce-de3d13afdc8b,Crotolaria sphaerocarpa,active,5,pending,missing_species,herb,,2026-05-15T11:58:26.631Z,2684,svc-api@example.org,4,2026-05-19T16:40:06.635Z,5
fc020d6d-ce02-44c6-9a18-612f22058c7d,wood_006,inactive,6,,,woody,,2026-05-15T11:58:26.630Z,2684,svc-api@example.org,3,2026-05-16T14:11:15.827Z,4
f19cf027-1cfd-48bc-a9b7-1f20748f6a9a,herb_006,active,6,pending,unknown_species,herb,,2026-05-15T11:58:26.630Z,2684,svc-api@example.org,4,2026-05-19T16:40:06.703Z,5
c74928e7-9b1b-47e1-879f-d1662f008722,wood_007,inactive,7,,,woody,,2026-05-15T11:58:26.630Z,2684,svc-api@example.org,3,2026-05-16T14:12:59.820Z,4
36a62f28-926b-4cd3-b221-6c7e32a73ef6,herb_007,active,7,pending,unknown_species,herb,,2026-05-15T11:58:26.630Z,2684,svc-api@example.org,4,2026-05-19T16:40:06.770Z,5
9d0d819c-7a24-48e8-b087-3340b2e0f850,wood_008,inactive,8,,,woody,,2026-05-15T11:58:26.630Z,2684,svc-api@example.org,0,,1
d1253ccd-3e9e-41b4-a30e-c61f8e021075,herb_008,active,8,pending,unknown_species,herb,,2026-05-15T11:58:26.630Z,2684,svc-api@example.org,1,2026-05-19T16:40:06.837Z,2
becd252d-818f-43bc-a84e-537150000e6e,wood_009,inactive,9,,,woody,,2026-05-15T11:58:26.630Z,2684,svc-api@example.org,0,,1
861c0749-4626-47d9-aa35-25d7cbdec26a,herb_009,active,9,pending,unknown_species,herb,,2026-05-15T11:58:26.630Z,2684,svc-api@example.org,1,2026-05-19T16:40:06.937Z,2
1f557438-e54e-4696-80a4-62c80956d2ea,wood_010,inactive,10,,,woody,,2026-05-15T11:58:26.630Z,2684,svc-api@example.org,0,,1
1c7e36b1-3abf-447f-bf83-377eddf82870,herb_010,active,10,pending,unknown_species,herb,,2026-05-15T11:58:26.630Z,2684,svc-api@example.org,1,2026-05-19T16:40:06.993Z,2
c5dd45fa-f7c9-421c-a038-5443b2ac5244,wood_011,inactive,11,,,woody,,2026-05-15T11:58:26.630Z,2684,svc-api@example.org,0,,1
6b4d87ce-546c-471a-b9a1-04721386337f,herb_011,active,11,pending,unknown_species,herb,,2026-05-15T11:58:26.630Z,2684,svc-api@example.org,1,2026-05-19T16:40:07.107Z,2
ffbfe06d-25c1-4d67-bad1-079eb9fd99fc,wood_012,inactive,12,,,woody,,2026-05-15T11:58:26.630Z,2684,svc-api@example.org,0,,1
bfb94c69-e91b-46c7-90d6-21439f192472,herb_012,active,12,pending,unknown_species,herb,,2026-05-15T11:58:26.630Z,2684,svc-api@example.org,1,2026-05-19T16:40:07.195Z,2
5a0de24f-4818-4248-91fa-0f143bd4a258,wood_013,inactive,13,,,woody,,2026-05-15T11:58:26.630Z,2684,svc-api@example.org,0,,1
895bce64-ba76-494b-9f25-aef306fddca0,Xenostegia tridentata,active,13,pending,missing_species,herb,,2026-05-15T11:58:26.630Z,2684,svc-api@example.org,1,2026-05-19T16:40:07.306Z,2
a42ef4b4-336e-41a1-b90c-19a64bdb3ffb,wood_014,inactive,14,,,woody,,2026-05-15T11:58:26.630Z,2684,svc-api@example.org,0,,1
a4d50a1b-ce08-476f-aede-c9b5c724ffc6,herb_014,active,14,pending,unknown_species,herb,,2026-05-15T11:58:26.630Z,2684,svc-api@example.org,1,2026-05-19T16:40:07.382Z,2
6f1ba616-af6a-4e26-af3b-21e202faafae,wood_015,inactive,15,,,woody,,2026-05-15T11:58:26.630Z,2684,svc-api@example.org,0,,1
c9c6df41-df82-4bc5-87b7-63b84898087d,Rhynchosia totta,active,15,pending,missing_species,herb,,2026-05-15T11:58:26.630Z,2684,svc-api@example.org,1,2026-05-19T16:40:07.445Z,2
28d226d4-2558-4148-b57c-b912fb521976,wood_016,inactive,16,,,woody,,2026-05-15T11:58:26.630Z,2684,svc-api@example.org,0,,1
795b0715-6af6-4249-914c-0d4ec9f55692,herb_016,active,16,pending,unknown_species,herb,,2026-05-15T11:58:26.630Z,2684,svc-api@example.org,1,2026-05-19T16:40:07.510Z,2
329f7b37-5027-44c8-9dd4-861499b9e497,wood_017,inactive,17,,,woody,,2026-05-15T11:58:26.630Z,2684,svc-api@example.org,0,,1
c04014bb-ee9b-4db9-a053-9031f44f91a8,herb_017,active,17,pending,unknown_species,herb,,2026-05-15T11:58:26.630Z,2684,svc-api@example.org,1,2026-05-20T16:09:05.594Z,2
4c7ad2e4-6e7c-46a3-ba12-ad5046da8a84,wood_018,inactive,18,,,woody,,2026-05-15T11:58:26.630Z,2684,svc-api@example.org,0,,1
6bbc4cd9-1852-478e-b951-19cd65a144e5,Crotolaria heidmannii,active,18,pending,missing_species,herb,,2026-05-15T11:58:26.630Z,2684,svc-api@example.org,1,2026-05-20T16:09:05.699Z,2
27231988-1931-41dd-a2cf-6ce253a4e0af,wood_019,inactive,19,,,woody,,2026-05-15T11:58:26.630Z,2684,svc-api@example.org,0,,1
e6ef7577-5a66-4cfd-834a-d76515170a91,herb_019,active,19,pending,unknown_species,herb,,2026-05-15T11:58:26.630Z,2684,svc-api@example.org,1,2026-05-20T16:09:05.772Z,2
bf589784-d2f9-4c27-924d-371e51817c18,wood_020,inactive,20,,,woody,,2026-05-15T11:58:26.630Z,2684,svc-api@example.org,0,,1
43214fc0-8a13-4af6-bc50-5b2ff891d955,Oldenladia corymbosa,active,20,pending,missing_species,herb,,2026-05-15T11:58:26.630Z,2684,svc-api@example.org,1,2026-05-20T16:09:05.824Z,2
9143e96f-be55-4f26-a837-4605e601a196,wood_021,inactive,21,,,woody,,2026-05-15T11:58:26.630Z,2684,svc-api@example.org,0,,1
54628120-2d8f-457f-9316-3e64cca535eb,herb_021,active,21,pending,unknown_species,herb,,2026-05-15T11:58:26.630Z,2684,svc-api@example.org,1,2026-05-20T16:09:05.931Z,2
a4a3f80c-6c71-4f74-bd79-dfc9133eee93,wood_022,inactive,22,,,woody,,2026-05-15T11:58:26.630Z,2684,svc-api@example.org,0,,1
4821f54d-4b1b-4005-a7ce-0e57846592ea,Phyllanthus pantandrus,active,22,pending,missing_species,herb,,2026-05-15T11:58:26.630Z,2684,svc-api@example.org,1,2026-05-20T16:09:06.015Z,2
8146a9b3-4a39-45e6-84fb-1ac96a687cc9,wood_023,inactive,23,,,woody,,2026-05-15T11:58:26.630Z,2684,svc-api@example.org,0,,1
54273106-68de-458e-901a-1baf9be88094,herb_023,active,23,pending,unknown_species,herb,,2026-05-15T11:58:26.630Z,2684,svc-api@example.org,1,2026-05-20T16:09:06.078Z,2
afb5200d-432d-4f11-985b-ca83271b8a0b,wood_024,inactive,24,,,woody,,2026-05-15T11:58:26.629Z,2684,svc-api@example.org,0,,1
389d329c-62fe-4ded-80f2-3599fb31c5b6,herb_024,active,24,pending,unknown_species,herb,,2026-05-15T11:58:26.629Z,2684,svc-api@example.org,1,2026-05-20T16:09:06.167Z,2
71d29c49-2039-4f7c-a9bc-a335de391d62,wood_025,inactive,25,,,woody,,2026-05-15T11:58:26.629Z,2684,svc-api@example.org,0,,1
f2f5561e-fba9-4cd5-af96-ed916d603778,herb_025,active,25,pending,unknown_species,herb,,2026-05-15T11:58:26.629Z,2684,svc-api@example.org,1,2026-05-20T16:09:06.238Z,2
83abdd36-1deb-47a1-a314-a4359797c95d,wood_026,inactive,26,,,woody,,2026-05-15T11:58:26.629Z,2684,svc-api@example.org,0,,1
29a0a19b-dcaf-449f-82ef-97156b5cbe32,herb_026,active,26,pending,unknown_species,herb,,2026-05-15T11:58:26.629Z,2684,svc-api@example.org,1,2026-05-20T16:09:06.290Z,2
359ee5bf-5e07-4f16-89a4-dbec34a183a8,wood_027,inactive,27,,,woody,,2026-05-15T11:58:26.629Z,2684,svc-api@example.org,0,,1
8c8d1146-7b63-440d-9262-4d0c6c3ef1fa,Macrotalyma daltonii,active,27,pending,missing_species,herb,,2026-05-15T11:58:26.629Z,2684,svc-api@example.org,1,2026-05-20T16:09:06.364Z,2
d0e76107-548a-4ba8-bc72-eb3bab944e5b,wood_028,inactive,28,,,woody,,2026-05-15T11:58:26.629Z,2684,svc-api@example.org,0,,1
c314b961-ed35-4db8-9744-976abac154c8,Jacquemontia tannifolia,active,28,pending,missing_species,herb,,2026-05-15T11:58:26.629Z,2684,svc-api@example.org,1,2026-05-20T16:09:06.478Z,2
1aa5e6d2-8e8e-4337-9106-9ad1202a20f9,wood_029,inactive,29,,,woody,,2026-05-15T11:58:26.629Z,2684,svc-api@example.org,0,,1
ca871a91-6bf3-405f-a0f2-548575363579,herb_029,active,29,pending,unknown_species,herb,,2026-05-15T11:58:26.629Z,2684,svc-api@example.org,1,2026-05-20T16:09:06.560Z,2
611f627e-7644-42dc-9ed9-4ba8ab6d1ddc,wood_030,inactive,30,,,woody,,2026-05-15T11:58:26.629Z,2684,svc-api@example.org,0,,1
01d0ab14-312d-4084-9c9c-c18850e7caa6,herb_030,active,30,pending,unknown_species,herb,,2026-05-15T11:58:26.629Z,2684,svc-api@example.org,1,2026-05-20T16:09:06.672Z,2
7bd3f602-a9c7-45c0-88eb-21ef1ccd9059,wood_031,inactive,31,,,woody,,2026-05-15T11:58:26.629Z,2684,svc-api@example.org,0,,1
54d71dc0-2243-4443-9806-24e5314d1557,herb_031,active,31,pending,unknown_species,herb,,2026-05-15T11:58:26.629Z,2684,svc-api@example.org,1,2026-05-20T16:55:35.509Z,2
88546dcb-355f-4b44-85fc-de350a0c4bbd,wood_032,inactive,32,,,woody,,2026-05-15T11:58:26.629Z,2684,svc-api@example.org,0,,1
8672383a-29fa-4e54-a614-d6ddbf04d8ea,Rhynchosia minima,active,32,pending,missing_species,herb,,2026-05-15T11:58:26.629Z,2684,svc-api@example.org,1,2026-05-20T16:55:35.572Z,2
f8b9e732-3c0c-4cbd-b5e6-f6bdb2ba322e,wood_033,inactive,33,,,woody,,2026-05-15T11:58:26.629Z,2684,svc-api@example.org,0,,1
fb3df274-e835-4531-bacd-16568d5591ed,herb_033,active,33,pending,unknown_species,herb,,2026-05-15T11:58:26.629Z,2684,svc-api@example.org,1,2026-05-20T16:55:35.626Z,2
1b77e8ed-5aab-4211-b324-0c653be76cc4,wood_034,inactive,34,,,woody,,2026-05-15T11:58:26.629Z,2684,svc-api@example.org,0,,1
d2c0b254-6013-48aa-a8dd-373f57ecd283,herb_034,active,34,pending,unknown_species,herb,,2026-05-15T11:58:26.629Z,2684,svc-api@example.org,1,2026-05-20T16:55:35.761Z,2
d1219033-3867-43e3-8e50-cfec1c82d5f3,wood_035,inactive,35,,,woody,,2026-05-15T11:58:26.628Z,2684,svc-api@example.org,0,,1
d33b1cea-79b5-4af5-9c9b-191c74ef00db,herb_035,active,35,pending,unknown_species,herb,,2026-05-15T11:58:26.628Z,2684,svc-api@example.org,1,2026-05-20T16:55:35.840Z,2
ed6a1469-728c-4904-bf6e-122d712c9a92,wood_036,inactive,36,,,woody,,2026-05-15T11:58:26.628Z,2684,svc-api@example.org,0,,1
3be1d81b-c64d-46f1-bb55-a44b8b3b492d,herb_036,active,36,pending,unknown_species,herb,,2026-05-15T11:58:26.628Z,2684,svc-api@example.org,1,2026-05-20T17:30:03.168Z,2
721ae5c1-01f3-42ad-be89-f23a1d1fddad,wood_037,inactive,37,,,woody,,2026-05-15T11:58:26.628Z,2684,svc-api@example.org,0,,1
8beda65a-d741-444e-aca7-6993c25c3c12,herb_037,active,37,pending,unknown_species,herb,,2026-05-15T11:58:26.628Z,2684,svc-api@example.org,1,2026-05-20T17:30:03.230Z,2
deb67c87-8fdb-4f9d-9898-2f985e6403e0,wood_038,inactive,38,,,woody,,2026-05-15T11:58:26.628Z,2684,svc-api@example.org,0,,1
b8f1628d-3e21-4bc0-9505-2462b1f2cb32,herb_038,active,38,pending,unknown_species,herb,,2026-05-15T11:58:26.628Z,2684,svc-api@example.org,1,2026-05-20T17:30:03.312Z,2
cdfa68f8-99bd-4798-ae2e-ccc7d146c55f,wood_039,inactive,39,,,woody,,2026-05-15T11:58:26.628Z,2684,svc-api@example.org,0,,1
719b271a-2d5d-4dd5-bc50-7acbfb42c524,herb_039,active,39,pending,unknown_species,herb,,2026-05-15T11:58:26.628Z,2684,svc-api@example.org,1,2026-05-20T17:30:03.372Z,2
42708f74-752e-4211-a67d-3bba6aabb4a0,wood_040,inactive,40,,,woody,,2026-05-15T11:58:26.628Z,2684,svc-api@example.org,0,,1
c20ca3f8-38b6-47cf-9050-f3fd9cb7a13b,Aristida scabrivalvis,active,40,pending,missing_species,herb,,2026-05-15T11:58:26.628Z,2684,svc-api@example.org,1,2026-05-20T17:30:03.488Z,2
8219c90f-85f5-476e-b912-d9335ed9a684,wood_041,inactive,41,,,woody,,2026-05-15T11:58:26.628Z,2684,svc-api@example.org,0,,1
eacca28e-4664-4710-96b9-29a1ef6294ab,Pogonarthria fleckii,active,41,pending,missing_species,herb,,2026-05-15T11:58:26.628Z,2684,svc-api@example.org,1,2026-05-20T17:30:03.619Z,2
5a41e89f-37c5-48bb-ace6-a1e6d9dacd5b,wood_042,inactive,42,,,woody,,2026-05-15T11:58:26.628Z,2684,svc-api@example.org,0,,1
6258d687-8ef2-4238-adce-b1773ed87dfc,herb_042,active,42,pending,unknown_species,herb,,2026-05-15T11:58:26.628Z,2684,svc-api@example.org,1,2026-05-20T17:30:03.689Z,2
4fedbb9a-4a8a-40aa-bc30-699848806dd4,wood_043,inactive,43,,,woody,,2026-05-15T11:58:26.628Z,2684,svc-api@example.org,0,,1
b630c2fa-2340-42d3-9141-8f4950e23968,Striga gesnerioides,active,43,pending,missing_species,herb,,2026-05-15T11:58:26.628Z,2684,svc-api@example.org,1,2026-05-21T08:17:26.256Z,2
953c678a-1faa-4543-bacd-d7222fca987f,wood_044,inactive,44,,,woody,,2026-05-15T11:58:26.628Z,2684,svc-api@example.org,0,,1
858f2898-ab14-43d9-8f31-eee948a4da4a,herb_044,active,44,pending,unknown_species,herb,,2026-05-15T11:58:26.628Z,2684,svc-api@example.org,1,2026-05-21T08:17:26.338Z,2
f3121bdc-a686-4204-b54d-61718688ee7f,wood_045,inactive,45,,,woody,,2026-05-15T11:58:26.628Z,2684,svc-api@example.org,0,,1
eaddd154-6c59-4cdb-b06f-3a84ff2c6e67,herb_045,active,45,pending,unknown_species,herb,,2026-05-15T11:58:26.628Z,2684,svc-api@example.org,1,2026-05-21T08:17:26.463Z,2
c2a5170e-c404-45bf-8895-32a92e2fd885,wood_046,inactive,46,,,woody,,2026-05-15T11:58:26.628Z,2684,svc-api@example.org,0,,1
481f48b4-4737-470d-873f-b0aa583d973a,Senna obtusifolia,active,46,pending,missing_species,herb,,2026-05-15T11:58:26.628Z,2684,svc-api@example.org,1,2026-05-21T08:17:26.582Z,2
412a5fa4-ddf7-4f82-99fa-134037963bff,wood_047,inactive,47,,,woody,,2026-05-15T11:58:26.628Z,2684,svc-api@example.org,0,,1
06f30c6a-71e6-463b-babf-ca0cce2d7836,Panicum hirtum,active,47,pending,missing_species,herb,,2026-05-15T11:58:26.627Z,2684,svc-api@example.org,1,2026-05-21T08:17:26.634Z,2
d1b48d5b-1986-43d9-9271-136e565b4c77,wood_048,inactive,48,,,woody,,2026-05-15T11:58:26.627Z,2684,svc-api@example.org,0,,1
6c2aee52-be93-4613-9c8a-4b1ab2e799c6,Thunbergia reticulata,active,48,pending,missing_species,herb,,2026-05-15T11:58:26.627Z,2684,svc-api@example.org,1,2026-05-21T11:35:28.792Z,2
c04841b1-ca62-49ac-a7d9-42feb52d7d25,wood_049,inactive,49,,,woody,,2026-05-15T11:58:26.627Z,2684,svc-api@example.org,0,,1
830f676f-f705-4965-ad13-b1781cab7373,herb_049,active,49,pending,unknown_species,herb,,2026-05-15T11:58:26.627Z,2684,svc-api@example.org,1,2026-05-21T11:35:28.868Z,2
bbdff095-00d3-4693-842d-76c5120d10c3,wood_050,inactive,50,,,woody,,2026-05-15T11:58:26.627Z,2684,svc-api@example.org,0,,1
e16cbea9-e3bb-40ab-95b4-1b32b2cc6caf,Hibiscus sidiformis,active,50,pending,missing_species,herb,,2026-05-15T11:58:26.627Z,2684,svc-api@example.org,1,2026-05-21T11:35:29.052Z,2
77ee4a62-927a-4611-95ca-f09bd62f1975,Boerhavia coccinea,active,51,pending,missing_species,herb,,2026-05-15T11:58:26.627Z,2684,svc-api@example.org,1,2026-05-21T11:35:29.280Z,2
359ace35-78cc-43fa-9100-dac1af1b0022,herb_052,active,52,pending,unknown_species,herb,,2026-05-15T11:58:26.627Z,2684,svc-api@example.org,1,2026-05-21T11:51:16.444Z,2
b37d4db9-cf05-4ffd-9b91-2b3252248ead,Pechuel-loeschea leubnitziae,active,53,pending,missing_species,herb,,2026-05-15T11:58:26.627Z,2684,svc-api@example.org,1,2026-05-21T11:51:16.527Z,2
029992eb-bc34-46d0-83ce-adb65fedf6d9,herb_054,active,54,pending,unknown_species,herb,,2026-05-15T11:58:26.627Z,2684,svc-api@example.org,1,2026-05-21T11:51:16.604Z,2
2ed2012b-331f-4ec4-972c-92e6254e66bf,herb_055,active,55,pending,unknown_species,herb,,2026-05-15T11:58:26.627Z,2684,svc-api@example.org,1,2026-05-21T11:51:16.660Z,2
5f311a8d-edef-46a8-bf3e-7e6ef101d8eb,herb_056,active,56,pending,unknown_species,herb,,2026-05-15T11:58:26.627Z,2684,svc-api@example.org,1,2026-05-21T13:50:33.732Z,2
d8ae21a7-5b8f-43df-8e16-b233dc6cb432,Erlangea misera,active,57,pending,missing_species,herb,,2026-05-15T11:58:26.627Z,2684,svc-api@example.org,1,2026-05-21T13:50:33.831Z,2
05dd9aed-9e6a-4313-a789-ded7f585856c,herb_058,active,58,pending,unknown_species,herb,,2026-05-15T11:58:26.627Z,2684,svc-api@example.org,1,2026-05-21T13:50:33.892Z,2
d5545982-ac9e-403f-b5c0-14601d6cfab4,Justicia divaricata,active,59,pending,missing_species,herb,,2026-05-15T11:58:26.627Z,2684,svc-api@example.org,1,2026-05-21T13:50:34.045Z,2
ffacfbb9-22db-4332-9a80-35023dd5c233,Citrullus naudinianus,active,60,pending,missing_species,herb,,2026-05-15T11:58:26.627Z,2684,svc-api@example.org,1,2026-05-21T13:50:34.229Z,2
7ac14e28-ae0d-4124-b7cb-f0bde6b7eba8,herb_061,active,61,pending,unknown_species,herb,,2026-05-15T11:58:26.627Z,2684,svc-api@example.org,1,2026-05-21T13:50:34.372Z,2
a6e4fe4b-5383-4e74-864f-e66c83c23225,Abitulum ramosum,active,62,pending,missing_species,herb,,2026-05-15T11:58:26.627Z,2684,svc-api@example.org,1,2026-05-21T13:50:34.543Z,2
05dc2613-2446-4b97-95f1-7f41bcaa476e,Sida chrysantha,active,63,pending,missing_species,herb,,2026-05-15T11:58:26.627Z,2684,svc-api@example.org,1,2026-05-22T09:07:50.442Z,2
93680d11-c7a8-4065-9ed8-a2f060fdf7fa,Ipomea sinensis,active,64,pending,missing_species,herb,,2026-05-15T11:58:26.627Z,2684,svc-api@example.org,1,2026-05-22T09:07:50.573Z,2
0d7726c7-ac59-4aa3-a7ec-5ced5a6f05ff,Gisekia pharnaceoides,active,65,pending,missing_species,herb,,2026-05-15T11:58:26.627Z,2684,svc-api@example.org,1,2026-05-22T09:07:50.661Z,2
1915b526-edb3-4804-bdd5-0d51bf4c515b,herb_066,active,66,pending,unknown_species,herb,,2026-05-15T11:58:26.627Z,2684,svc-api@example.org,1,2026-05-22T09:07:50.725Z,2
ff9a2bfe-cd4c-4f3e-98ce-e1870b995691,Aristida scabrivalvis,active,67,pending,missing_species,herb,,2026-05-15T11:58:26.627Z,2684,svc-api@example.org,1,2026-05-22T10:58:49.343Z,2
fb421d60-eff8-4438-bbc2-b72541309d56,herb_068,active,68,pending,unknown_species,herb,,2026-05-15T11:58:26.627Z,2684,svc-api@example.org,1,2026-05-22T10:58:49.463Z,2
e8a62df8-5df5-4338-9cba-2d136c79d48c,Asparagus africanus,active,69,pending,missing_species,herb,,2026-05-15T11:58:26.627Z,2684,svc-api@example.org,1,2026-05-22T10:58:49.517Z,2
94bff160-073d-49b8-9590-2ecdec6410de,herb_070,active,70,pending,unknown_species,herb,,2026-05-15T11:58:26.627Z,2684,svc-api@example.org,1,2026-05-22T10:58:49.587Z,2
2ccd67e3-da53-49dd-9324-18033b4d560a,herb_071,active,71,pending,unknown_species,herb,,2026-05-15T11:58:26.627Z,2684,svc-api@example.org,1,2026-05-22T10:58:49.694Z,2
02e5254f-6d33-4e00-a310-5a9c241c2744,herb_072,active,72,pending,unknown_species,herb,,2026-05-15T11:58:26.627Z,2684,svc-api@example.org,1,2026-05-22T13:14:21.391Z,2
05d929d4-73bf-42cc-af59-c3b9a81eee22,Indigofera filipes,active,73,pending,missing_species,herb,,2026-05-15T11:58:26.627Z,2684,svc-api@example.org,1,2026-05-22T14:43:16.451Z,2
6e7f50e1-121a-49c6-a5a4-8f808342c6c6,Hermbstaedtia linearis,active,74,pending,missing_species,herb,,2026-05-15T11:58:26.627Z,2684,svc-api@example.org,1,2026-05-22T14:43:16.641Z,2
e984f07c-fab9-4dd1-b2c6-e09a22aebe24,Cenchrus bifloris,active,75,pending,missing_species,herb,,2026-05-15T11:58:26.627Z,2684,svc-api@example.org,1,2026-05-22T17:28:46.197Z,2
d2c43a50-20d5-4f0b-8170-b7c47fe94eb8,herb_076,active,76,pending,unknown_species,herb,,2026-05-15T11:58:26.627Z,2684,svc-api@example.org,1,2026-05-23T08:37:31.610Z,2
00c8fa8b-1dde-42c9-ada3-4d2f19ba7d07,Chamaecrista absus,active,77,pending,missing_species,herb,,2026-05-15T11:58:26.627Z,2684,svc-api@example.org,1,2026-05-23T08:37:31.734Z,2
7ea93d46-f20a-4e4c-b869-b4da82fd186f,herb_078,active,78,pending,unknown_species,herb,,2026-05-15T11:58:26.626Z,2684,svc-api@example.org,1,2026-05-23T08:37:31.796Z,2
c1518780-2f6d-47a8-8c15-b2c6e281b0e4,Setaria pumila,active,79,pending,missing_species,herb,,2026-05-15T11:58:26.626Z,2684,svc-api@example.org,1,2026-05-23T08:37:31.867Z,2
93e84b00-0721-4de5-8f3b-398f0ee8c2a4,herb_080,active,80,pending,unknown_species,herb,,2026-05-15T11:58:26.626Z,2684,svc-api@example.org,1,2026-05-23T08:37:32.091Z,2
b7d66f3b-96f4-4da5-95a0-d53b8ef741b9,herb_081,active,81,pending,unknown_species,herb,,2026-05-15T11:58:26.626Z,2684,svc-api@example.org,1,2026-05-23T08:37:32.155Z,2
8485bb86-62c7-4a1a-b16d-51c5a98bf6ed,herb_082,active,82,pending,unknown_species,herb,,2026-05-15T11:58:26.626Z,2684,svc-api@example.org,1,2026-05-23T08:37:32.428Z,2
5a2417c2-f5a5-45ac-acb5-0447749856a5,Pavonia clathrata,active,83,pending,missing_species,herb,,2026-05-15T11:58:26.626Z,2684,svc-api@example.org,1,2026-05-23T08:37:32.516Z,2
d65b61be-9bf8-4e38-be98-c610048d6dd0,Polygala erioptera,active,84,pending,missing_species,herb,,2026-05-15T11:58:26.626Z,2684,svc-api@example.org,1,2026-05-23T13:40:13.856Z,2
a8035287-65bd-45d2-95c5-9632cadb7421,herb_085,active,85,pending,unknown_species,herb,,2026-05-15T11:58:26.626Z,2684,svc-api@example.org,1,2026-05-23T16:13:34.178Z,2
3d122eb1-8f47-4dec-8dd6-0cb7794666fa,herb_086,active,86,pending,unknown_species,herb,,2026-05-15T11:58:26.626Z,2684,svc-api@example.org,1,2026-05-23T16:13:34.467Z,2
e7172810-dec0-4199-80ab-7dc3c2966b18,herb_087,active,87,pending,unknown_species,herb,,2026-05-15T11:58:26.626Z,2684,svc-api@example.org,1,2026-05-23T16:13:34.588Z,2
22c890b1-8650-4934-b1a2-f81bfeaf6618,herb_088,active,88,pending,unknown_species,herb,,2026-05-15T11:58:26.626Z,2684,svc-api@example.org,1,2026-05-24T09:07:28.433Z,2
a1b3e634-6534-4192-a798-023677156d35,Brachiara dura,active,89,pending,missing_species,herb,,2026-05-15T11:58:26.626Z,2684,svc-api@example.org,1,2026-05-24T09:07:28.527Z,2
24e1e64c-3a9c-463b-b4f3-cf42d04f80b4,Xenostegia pinnata,active,90,pending,missing_species,herb,,2026-05-15T11:58:26.626Z,2684,svc-api@example.org,1,2026-05-24T09:07:28.929Z,2
c9b577be-c4f8-42aa-a1db-fc92d81c2fe1,herb_091,active,91,pending,unknown_species,herb,,2026-05-15T11:58:26.626Z,2684,svc-api@example.org,1,2026-05-24T11:35:19.125Z,2
36d4abc6-55cd-43c4-8df0-3c5ae66bedc8,Ipomea leucanthemum,active,92,pending,missing_species,herb,,2026-05-15T11:58:26.626Z,2684,svc-api@example.org,1,2026-05-24T13:40:56.269Z,2
812395e4-cb55-4232-ba6e-549ecfbb6a16,herb_093,active,93,pending,unknown_species,herb,,2026-05-15T11:58:26.626Z,2684,svc-api@example.org,1,2026-05-24T13:40:56.460Z,2
c1697c58-50cd-4e1c-b10d-550b66e45676,herb_094,active,94,pending,unknown_species,herb,,2026-05-15T11:58:26.626Z,2684,svc-api@example.org,1,2026-05-24T18:19:39.918Z,2
0b2bf39f-34d5-4b32-8977-be788c13fa5e,herb_095,active,95,pending,unknown_species,herb,,2026-05-15T11:58:26.626Z,2684,svc-api@example.org,1,2026-05-24T18:19:40.192Z,2
4958c67f-8a8d-4ea0-af23-c3b99f1d718d,herb_096,active,96,pending,unknown_species,herb,,2026-05-15T11:58:26.626Z,2684,svc-api@example.org,1,2026-05-25T13:07:05.006Z,2
97a1fd6c-1e8a-4f47-9180-2d5e4b1f8f13,herb_097,active,97,pending,unknown_species,herb,,2026-05-15T11:58:26.626Z,2684,svc-api@example.org,1,2026-05-25T13:07:05.164Z,2
27e0c6dd-e4b3-46e3-a446-c47be544bac9,Zornia glochidiala,active,98,pending,missing_species,herb,,2026-05-15T11:58:26.626Z,2684,svc-api@example.org,1,2026-05-25T14:28:49.891Z,2
28e93cce-0de1-4301-a729-f73479df48cb,Commelina africana,active,99,pending,missing_species,herb,,2026-05-15T11:58:26.626Z,2684,svc-api@example.org,1,2026-05-25T14:28:50.050Z,2
24319a69-64ce-40d4-95bc-f9eb7044536c,herb_100,active,100,pending,unknown_species,herb,,2026-05-15T11:58:26.626Z,2684,svc-api@example.org,2,2026-05-26T20:51:56.149Z,3
7f546152-afac-4615-973d-765ebd524ee0,herb_101,active,101,pending,unknown_species,herb,,2026-05-15T11:58:26.626Z,2684,svc-api@example.org,2,2026-05-27T06:20:22.712Z,3
86006328-b762-4106-ae57-e5d76a35d55d,Cyperus margaritaceus,active,102,pending,missing_species,herb,,2026-05-15T11:58:26.626Z,2684,svc-api@example.org,2,2026-05-27T06:21:17.972Z,3
c9f88afc-957b-45fe-a718-2b652d28ea53,herb_103,active,103,pending,unknown_species,herb,,2026-05-15T11:58:26.626Z,2684,svc-api@example.org,1,2026-05-27T08:46:50.247Z,2
904a3ae7-d660-4dc6-9aa7-b31c1f2c8b75,Justicia divaricata ,active,104,pending,missing_species,herb,,2026-05-15T11:58:26.626Z,2684,svc-api@example.org,1,2026-05-27T08:46:50.681Z,2
133a2c3d-e606-4d0f-965c-dad0a25d3ce8,herb_105,inactive,105,,,herb,,2026-05-15T11:58:26.626Z,2684,svc-api@example.org,0,,1
c98a6a0a-713d-4205-a3b5-fba54bf11ee1,herb_106,inactive,106,,,herb,,2026-05-15T11:58:26.626Z,2684,svc-api@example.org,0,,1
fb6ae955-e9fa-4145-a791-0fa399555120,herb_107,inactive,107,,,herb,,2026-05-15T11:58:26.626Z,2684,svc-api@example.org,0,,1
50c743ab-fe53-41a2-8dd5-85c23dc9af45,herb_108,inactive,108,,,herb,,2026-05-15T11:58:26.626Z,2684,svc-api@example.org,0,,1
7f1c9e60-cdf2-4090-9dc1-b311a946dc43,herb_109,inactive,109,,,herb,,2026-05-15T11:58:26.626Z,2684,svc-api@example.org,0,,1
ddbd797d-9c67-476e-bf23-2c47ce74c7f4,herb_110,inactive,110,,,herb,,2026-05-15T11:58:26.626Z,2684,svc-api@example.org,0,,1
44e67e3a-1f6c-4ff7-b7fb-f1b165152d44,herb_111,inactive,111,,,herb,,2026-05-15T11:58:26.626Z,2684,svc-api@example.org,0,,1
bae68b15-c36e-478e-a41d-35b25dffb4a6,herb_112,inactive,112,,,herb,,2026-05-15T11:58:26.626Z,2684,svc-api@example.org,0,,1
dc16a96e-14b9-4287-9d4f-2a37cc875d08,herb_113,inactive,113,,,herb,,2026-05-15T11:58:26.626Z,2684,svc-api@example.org,0,,1
fc969d93-a4b8-407a-bc78-8f9632f6000a,herb_114,inactive,114,,,herb,,2026-05-15T11:58:26.626Z,2684,svc-api@example.org,0,,1
b51f7656-3b5d-47f3-868e-665a9d7052a1,herb_115,inactive,115,,,herb,,2026-05-15T11:58:26.626Z,2684,svc-api@example.org,0,,1
a108a9be-7f7e-4d27-a907-db25ac230569,herb_116,inactive,116,,,herb,,2026-05-15T11:58:26.626Z,2684,svc-api@example.org,0,,1
5006109d-232c-4565-9f79-d3130297227c,herb_117,inactive,117,,,herb,,2026-05-15T11:58:26.625Z,2684,svc-api@example.org,0,,1
3895dc79-7f84-4304-850f-2f2cca3bb083,herb_118,inactive,118,,,herb,,2026-05-15T11:58:26.625Z,2684,svc-api@example.org,0,,1
fcd625be-3e8c-465e-b537-5486effe7d48,herb_119,inactive,119,,,herb,,2026-05-15T11:58:26.625Z,2684,svc-api@example.org,0,,1
6556f771-ca83-497f-b97e-e545e56bddc2,herb_120,inactive,120,,,herb,,2026-05-15T11:58:26.625Z,2684,svc-api@example.org,0,,1
e353a056-4da5-4baf-b674-1b4c1728e604,herb_121,inactive,121,,,herb,,2026-05-15T11:58:26.625Z,2684,svc-api@example.org,0,,1
48d6e181-cf1c-4b2e-8c84-0d330d440907,herb_122,inactive,122,,,herb,,2026-05-15T11:58:26.625Z,2684,svc-api@example.org,0,,1
a5f0321c-625e-4b29-a550-996719f6663d,herb_123,inactive,123,,,herb,,2026-05-15T11:58:26.625Z,2684,svc-api@example.org,0,,1
a8e085d4-8e0e-4ff1-965b-632ae302c051,herb_124,inactive,124,,,herb,,2026-05-15T11:58:26.625Z,2684,svc-api@example.org,0,,1
699c99e7-019a-4ff2-8373-e2c05aaf0a43,herb_125,inactive,125,,,herb,,2026-05-15T11:58:26.625Z,2684,svc-api@example.org,0,,1
c2b4c04e-198c-4ae8-93c3-710ecc8d6b71,herb_126,inactive,126,,,herb,,2026-05-15T11:58:26.625Z,2684,svc-api@example.org,0,,1
66fbcfdf-d61d-4d27-aa33-f2523d8b020a,herb_127,inactive,127,,,herb,,2026-05-15T11:58:26.625Z,2684,svc-api@example.org,0,,1
e4b21747-4635-4f38-8a5e-dca6163a5328,herb_128,inactive,128,,,herb,,2026-05-15T11:58:26.625Z,2684,svc-api@example.org,0,,1
e65f9f00-9b61-4e42-a9f8-3dde3b9aeaf9,herb_129,inactive,129,,,herb,,2026-05-15T11:58:26.625Z,2684,svc-api@example.org,0,,1
6234fc32-2593-4b19-8f30-5b14dc9735a1,herb_130,inactive,130,,,herb,,2026-05-15T11:58:26.625Z,2684,svc-api@example.org,0,,1
5b66d580-e749-48b1-8834-048afa8c4925,herb_131,inactive,131,,,herb,,2026-05-15T11:58:26.625Z,2684,svc-api@example.org,0,,1
b754dc16-db0f-49ef-9bf3-4978c39be2fb,herb_132,inactive,132,,,herb,,2026-05-15T11:58:26.625Z,2684,svc-api@example.org,0,,1
b7040cb9-1870-4d13-ac1e-aba9a04da0fa,herb_133,inactive,133,,,herb,,2026-05-15T11:58:26.625Z,2684,svc-api@example.org,0,,1
b353b579-2c91-467d-b8d1-b59f356dc681,herb_134,inactive,134,,,herb,,2026-05-15T11:58:26.625Z,2684,svc-api@example.org,0,,1
3d6913ce-1b06-4c7d-bf38-a1073d9e76f0,herb_135,inactive,135,,,herb,,2026-05-15T11:58:26.625Z,2684,svc-api@example.org,0,,1
90b68797-a846-4d57-bfd1-3d0848a2b24a,herb_136,inactive,136,,,herb,,2026-05-15T11:58:26.625Z,2684,svc-api@example.org,0,,1
ac616383-e1b8-4113-a325-fbb3708144f2,herb_137,inactive,137,,,herb,,2026-05-15T11:58:26.625Z,2684,svc-api@example.org,0,,1
0708073d-9830-441d-be3f-c8f4d8921cbe,herb_138,inactive,138,,,herb,,2026-05-15T11:58:26.625Z,2684,svc-api@example.org,0,,1
2aa03f78-611f-4865-96ff-c34fb05a4249,herb_139,inactive,139,,,herb,,2026-05-15T11:58:26.625Z,2684,svc-api@example.org,0,,1
5f1ea17c-f28f-42a9-8d12-318bfb36dde2,herb_140,inactive,140,,,herb,,2026-05-15T11:58:26.625Z,2684,svc-api@example.org,0,,1
3c90fa04-2504-49e2-ad4d-042556373184,herb_141,inactive,141,,,herb,,2026-05-15T11:58:26.625Z,2684,svc-api@example.org,0,,1
22df25ca-71ed-4dfe-963f-cc3cb332f7ef,herb_142,inactive,142,,,herb,,2026-05-15T11:58:26.625Z,2684,svc-api@example.org,0,,1
71ed75a5-36ae-45a6-aec5-02fb4dd51abe,herb_143,inactive,143,,,herb,,2026-05-15T11:58:26.625Z,2684,svc-api@example.org,0,,1
36defe88-6520-4947-b625-fa1f920177e0,herb_144,inactive,144,,,herb,,2026-05-15T11:58:26.625Z,2684,svc-api@example.org,0,,1
834a92f7-bbeb-4996-8e06-bb990b52fd92,herb_145,inactive,145,,,herb,,2026-05-15T11:58:26.625Z,2684,svc-api@example.org,0,,1
ddce1dd6-062b-4c22-af35-ee7962899c93,herb_146,inactive,146,,,herb,,2026-05-15T11:58:26.625Z,2684,svc-api@example.org,0,,1
218979fa-b430-41e9-855c-af2a0edc8c50,herb_147,inactive,147,,,herb,,2026-05-15T11:58:26.625Z,2684,svc-api@example.org,0,,1
eb762c66-1daf-4d14-8787-4c46a2d4175f,herb_148,inactive,148,,,herb,,2026-05-15T11:58:26.625Z,2684,svc-api@example.org,0,,1
5d45ec15-8e03-461f-a43a-4736c5556ba7,herb_149,inactive,149,,,herb,,2026-05-15T11:58:26.625Z,2684,svc-api@example.org,0,,1
bcdde2ab-f932-4ef5-a97e-ab99b529879b,herb_150,inactive,150,,,herb,,2026-05-15T11:58:26.624Z,2684,svc-api@example.org,0,,1
a42501f5-1ac8-41ae-9a0b-369fbbcb540d,herb_151,inactive,151,,,herb,,2026-05-15T11:58:26.624Z,2684,svc-api@example.org,0,,1
683dec1f-5c92-4320-96d8-64559be9cfc7,herb_152,inactive,152,,,herb,,2026-05-15T11:58:26.624Z,2684,svc-api@example.org,0,,1
88ee1ac3-ed0c-4116-a012-d034731cd67f,herb_153,inactive,153,,,herb,,2026-05-15T11:58:26.624Z,2684,svc-api@example.org,0,,1
018a835d-58af-4842-952e-d23116b807b7,herb_154,inactive,154,,,herb,,2026-05-15T11:58:26.624Z,2684,svc-api@example.org,0,,1
58316f4e-4076-425a-a17a-12ee4a2ec48c,herb_155,inactive,155,,,herb,,2026-05-15T11:58:26.624Z,2684,svc-api@example.org,0,,1
c04cd044-7554-488b-82ab-f7c7530ea423,herb_156,inactive,156,,,herb,,2026-05-15T11:58:26.624Z,2684,svc-api@example.org,0,,1
aab6e119-f721-4fc3-8781-4e1ee83c5f37,herb_157,inactive,157,,,herb,,2026-05-15T11:58:26.624Z,2684,svc-api@example.org,0,,1
49ea2cd7-c5f2-4999-83d1-11a9d9b41e29,herb_158,inactive,158,,,herb,,2026-05-15T11:58:26.624Z,2684,svc-api@example.org,0,,1
75cb23f9-4913-495f-9d84-1078449460ec,herb_159,inactive,159,,,herb,,2026-05-15T11:58:26.624Z,2684,svc-api@example.org,0,,1
5e5c2db3-aa94-43d0-af0b-ce1e111d02c4,herb_160,inactive,160,,,herb,,2026-05-15T11:58:26.624Z,2684,svc-api@example.org,0,,1
82355ae8-6e23-4127-a0a9-d56969a60e2d,herb_161,inactive,161,,,herb,,2026-05-15T11:58:26.624Z,2684,svc-api@example.org,0,,1
f2e5accb-7ce9-42b7-9eb3-e1cc6d05803d,herb_162,inactive,162,,,herb,,2026-05-15T11:58:26.624Z,2684,svc-api@example.org,0,,1
51c010d6-ad5f-45ef-b5d0-cb405235ad50,herb_163,inactive,163,,,herb,,2026-05-15T11:58:26.624Z,2684,svc-api@example.org,0,,1
415ab10a-a381-4a22-a227-3fa9693d795b,herb_164,inactive,164,,,herb,,2026-05-15T11:58:26.624Z,2684,svc-api@example.org,0,,1
9afba1ea-b6bb-405c-b9c6-3dc8e10d3d7c,herb_165,inactive,165,,,herb,,2026-05-15T11:58:26.624Z,2684,svc-api@example.org,0,,1
76260bbd-1a2c-47ba-be4e-5d852b2758de,herb_166,inactive,166,,,herb,,2026-05-15T11:58:26.624Z,2684,svc-api@example.org,0,,1
ae3fe0ea-d670-42dd-85f5-9a923a8b6806,herb_167,inactive,167,,,herb,,2026-05-15T11:58:26.624Z,2684,svc-api@example.org,0,,1
5b291bff-5a42-43bf-91de-996fe77d5dc0,herb_168,inactive,168,,,herb,,2026-05-15T11:58:26.624Z,2684,svc-api@example.org,0,,1
3a188e2f-52ae-48ad-bf62-c2ca710d9769,herb_169,inactive,169,,,herb,,2026-05-15T11:58:26.624Z,2684,svc-api@example.org,0,,1
868bff55-c199-42bd-b1ef-b53ce9f41f63,herb_170,inactive,170,,,herb,,2026-05-15T11:58:26.624Z,2684,svc-api@example.org,0,,1
47f02921-3cf2-4e6f-a320-d71cd60d2421,herb_171,inactive,171,,,herb,,2026-05-15T11:58:26.624Z,2684,svc-api@example.org,0,,1
684c6c29-8908-4618-b6ad-423f28fc0068,herb_172,inactive,172,,,herb,,2026-05-15T11:58:26.624Z,2684,svc-api@example.org,0,,1
1699217e-3c25-409b-95c9-34ebce712033,herb_173,inactive,173,,,herb,,2026-05-15T11:58:26.624Z,2684,svc-api@example.org,0,,1
9200ddb5-57aa-4e9a-8109-893bc8ac5dfc,herb_174,inactive,174,,,herb,,2026-05-15T11:58:26.624Z,2684,svc-api@example.org,0,,1
8fb52c90-7f35-4e1a-9ab2-9862c6f4618c,herb_175,inactive,175,,,herb,,2026-05-15T11:58:26.624Z,2684,svc-api@example.org,0,,1
44c76522-ae98-4e01-8eb3-7df243174f0d,herb_176,inactive,176,,,herb,,2026-05-15T11:58:26.624Z,2684,svc-api@example.org,0,,1
151c083d-10e4-4ff7-9380-83a3296e39d7,herb_177,inactive,177,,,herb,,2026-05-15T11:58:26.623Z,2684,svc-api@example.org,0,,1
38a15873-65b9-4d63-aad5-ef5177cedfb2,herb_178,inactive,178,,,herb,,2026-05-15T11:58:26.623Z,2684,svc-api@example.org,0,,1
15bd7737-9993-489b-bd57-0747b610fc08,herb_179,inactive,179,,,herb,,2026-05-15T11:58:26.623Z,2684,svc-api@example.org,0,,1
a4e32245-c9e7-4b4c-b012-114119d022af,herb_180,inactive,180,,,herb,,2026-05-15T11:58:26.623Z,2684,svc-api@example.org,0,,1
d00d5272-7766-4def-8297-aefc490e6564,herb_181,inactive,181,,,herb,,2026-05-15T11:58:26.622Z,2684,svc-api@example.org,0,,1
159a8483-bb97-42f0-bc04-e969e8898676,herb_182,inactive,182,,,herb,,2026-05-15T11:58:26.622Z,2684,svc-api@example.org,0,,1
3edbcf92-178e-487a-bb44-5136f85f77b9,herb_183,inactive,183,,,herb,,2026-05-15T11:58:26.622Z,2684,svc-api@example.org,0,,1
0c6aec99-8251-46eb-9b6c-7083cb5356af,herb_184,inactive,184,,,herb,,2026-05-15T11:58:26.622Z,2684,svc-api@example.org,0,,1
6108de6e-21c1-4e24-b33c-c81bd4bfe41e,herb_185,inactive,185,,,herb,,2026-05-15T11:58:26.622Z,2684,svc-api@example.org,0,,1
7c44dcc2-7d1f-440a-b3fd-c345ba3b1602,herb_186,inactive,186,,,herb,,2026-05-15T11:58:26.622Z,2684,svc-api@example.org,0,,1
b77725f5-abf2-4502-91ed-94cadfb0d3c1,herb_187,inactive,187,,,herb,,2026-05-15T11:58:26.622Z,2684,svc-api@example.org,0,,1
97d44c81-8d94-4aa9-8b90-09b6ad9fb45b,herb_188,inactive,188,,,herb,,2026-05-15T11:58:26.622Z,2684,svc-api@example.org,0,,1
41bc4125-1a50-4a32-8e16-bd5d484fdbbd,herb_189,inactive,189,,,herb,,2026-05-15T11:58:26.622Z,2684,svc-api@example.org,0,,1
d8ace3ba-0647-4397-8d1d-3b7daf43cd07,herb_190,inactive,190,,,herb,,2026-05-15T11:58:26.621Z,2684,svc-api@example.org,0,,1
21cb9887-214a-4c3e-995e-e459d5356235,herb_191,inactive,191,,,herb,,2026-05-15T11:58:26.621Z,2684,svc-api@example.org,0,,1
c79b9ada-1243-400f-8fe6-c6276a32a4ac,herb_192,inactive,192,,,herb,,2026-05-15T11:58:26.620Z,2684,svc-api@example.org,0,,1
ad545d64-dd3f-486c-9872-a7bfcd1d85bb,herb_193,inactive,193,,,herb,,2026-05-15T11:58:26.620Z,2684,svc-api@example.org,0,,1
f4edb9c2-9e3d-4344-b75d-9bfd5281c694,herb_194,inactive,194,,,herb,,2026-05-15T11:58:26.620Z,2684,svc-api@example.org,0,,1
15a4abcc-3e13-4739-a9f8-d3a81cbf3c79,herb_195,inactive,195,,,herb,,2026-05-15T11:58:26.620Z,2684,svc-api@example.org,0,,1
34759a2e-c06f-4462-825f-ba67f31213b8,herb_196,inactive,196,,,herb,,2026-05-15T11:58:26.620Z,2684,svc-api@example.org,0,,1
472ba8a1-3d65-4f12-be20-7edc767c0ecf,herb_197,inactive,197,,,herb,,2026-05-15T11:58:26.620Z,2684,svc-api@example.org,0,,1
6abb55c9-5394-49d2-b8b7-7d5dad3f9beb,herb_198,inactive,198,,,herb,,2026-05-15T11:58:26.620Z,2684,svc-api@example.org,0,,1
0b352e3f-71ce-4608-ae15-21a118afff54,herb_199,inactive,199,,,herb,,2026-05-15T11:58:26.619Z,2684,svc-api@example.org,0,,1
5ae65357-447a-4bc9-bba7-92498bf8c141,herb_200,inactive,200,,,herb,,2026-05-15T11:58:26.618Z,2684,svc-api@example.org,0,,1
