__id,label,replicate,plot_uuid,plot_name,geohash,plot_status,geometry,survey_labels,area_label,survey_uuids,is_viable,stratum_label,__createdAt,__creatorId,__creatorName,__updates,__updatedAt,__version
b1e1fc7f-afbd-404c-bd6c-55b172d722df,SavMon_LW_Plot_16,lw_baseline,40b5b142-18e5-45da-afa8-4837f520f2cf,SavMon_LW_Plot_16,sb49hzv,primary,0.2195439 37.4812757 990.8 3.6,savmon|lw|woody|ho savmon|lw|herbs|ho,LW,586215d7-a037-471f-9b4c-a866f8066278 858076d3-1f5a-4aad-b9ad-1205828807e0,yes,savanna,2026-05-27T07:38:17.039Z,2759,field-team-2,0,,1
e3135c68-679c-4b44-a083-5dc111683665,SavMon_LW_Plot_11,lw_baseline,d5645424-6bd7-4ccb-8c86-821984f00e5c,SavMon_LW_Plot_11,sb49k86,primary,0.2222239 37.4665469 976.532131796201 3.25,savmon|lw|woody|ho savmon|lw|herbs|ho,LW,586215d7-a037-471f-9b4c-a866f8066278 858076d3-1f5a-4aad-b9ad-1205828807e0,yes,savanna,2026-05-26T13:30:43.980Z,2759,field-team-2,0,,1
153ee0a8-8628-4891-8c66-a5d8286552f8,SavMon_LW_Plot_29,lw_baseline,5fc30b9c-edc3-410d-8eb9-e9eceb8526dc,SavMon_LW_Plot_29,sb49k3q,primary,0.2267015 37.4607366 959.1999999999999 4.9,savmon|lw|woody|ho savmon|lw|herbs|ho,LW,586215d7-a037-471f-9b4c-a866f8066278 858076d3-1f5a-4aad-b9ad-1205828807e0,yes,savanna,2026-05-26T09:21:18.162Z,2759,field-team-2,0,,1
8070570d-64ca-405a-802d-4d721fdc2fe9,SavMon_LW_Plot_21,lw_baseline,da09c7a5-a9ba-49c8-9e74-7d262e6b7eb4,SavMon_LW_Plot_21,sb49k35,primary,0.2256014 37.4568475 990.4 4.4,savmon|lw|woody|ho savmon|lw|herbs|ho,LW,586215d7-a037-471f-9b4c-a866f8066278 858076d3-1f5a-4aad-b9ad-1205828807e0,yes,savanna,2026-05-26T07:43:56.334Z,2759,field-team-2,0,,1
a5b642c6-e8ba-4186-a1d3-5ff99852e8b0,SavMon_LW_Plot_18,lw_baseline,477053f7-b110-411b-abe4-5b6aadf57ab0,SavMon_LW_Plot_18,sb497bw,primary,0.2225301 37.4391505 995.2377442983413 2.65,savmon|lw|woody|ho savmon|lw|herbs|ho,LW,586215d7-a037-471f-9b4c-a866f8066278 858076d3-1f5a-4aad-b9ad-1205828807e0,yes,savanna,2026-05-25T17:47:53.608Z,2759,field-team-2,0,,1
a7a1282e-9abb-4064-8c91-8ccab91e0e1b,SavMon_LW_Plot_25,lw_baseline,9c3b305a-542d-4b5c-ad4d-fd1ca26cf5a4,SavMon_LW_Plot_25,sb495zu,primary,0.2190427 37.4372432 992.2272967759079 2.85,savmon|lw|woody|ho savmon|lw|herbs|ho,LW,586215d7-a037-471f-9b4c-a866f8066278 858076d3-1f5a-4aad-b9ad-1205828807e0,yes,savanna,2026-05-25T13:20:10.153Z,2759,field-team-2,0,,1
3b4fc821-0b06-4e19-b17b-1330d0dbaf90,SavMon_LW_Plot_04,lw_baseline,eab2feb8-72b1-491f-9223-ad5285d2d6db,SavMon_LW_Plot_04,sb497c5,primary,0.2255211 37.4359000 979.3550105098234 2.4,savmon|lw|woody|ho savmon|lw|herbs|ho,LW,586215d7-a037-471f-9b4c-a866f8066278 858076d3-1f5a-4aad-b9ad-1205828807e0,yes,savanna,2026-05-24T14:51:20.056Z,2759,field-team-2,0,,1
5aafaaed-0656-401d-aea7-3b18bf206c7f,SavMon_LW_Plot_07,lw_baseline,a9736eb5-344d-4615-8f2e-e73f38e4e124,SavMon_LW_Plot_07,sb497dp,primary,0.2316290 37.4294428 987.2151403714319 2.7,savmon|lw|woody|ho savmon|lw|herbs|ho,LW,586215d7-a037-471f-9b4c-a866f8066278 858076d3-1f5a-4aad-b9ad-1205828807e0,yes,savanna,2026-05-24T13:27:38.814Z,2759,field-team-2,0,,1
8b86dcfb-e97f-4829-9582-0e0aa4d138cd,SavMon_LW_Plot_15,lw_baseline,d20f4c50-e5e8-46d7-9b55-2228ff5f92fb,SavMon_LW_Plot_15,sb497du,primary,0.2348451 37.4262480 983.6999999999999 4.0,savmon|lw|woody|ho savmon|lw|herbs|ho,LW,586215d7-a037-471f-9b4c-a866f8066278 858076d3-1f5a-4aad-b9ad-1205828807e0,yes,savanna,2026-05-24T11:57:22.398Z,2759,field-team-2,0,,1
aeeedfcc-fb44-4419-a959-8ed6e365e584,SavMon_LW_Plot_20,lw_baseline,fd58af75-587c-4635-a7ca-1fd24ee00b2f,SavMon_LW_Plot_20,sb497dd,primary,0.2348023 37.4230384 980.68901887288 3.1,savmon|lw|woody|ho savmon|lw|herbs|ho,LW,586215d7-a037-471f-9b4c-a866f8066278 858076d3-1f5a-4aad-b9ad-1205828807e0,yes,savanna,2026-05-24T10:05:09.870Z,2759,field-team-2,0,,1
ca163b94-25b0-4914-b2f1-97ed56fc4e74,SavMon_LW_Plot_24,lw_baseline,b3abd35a-ee0e-4149-86b8-c0d41dc545b8,SavMon_LW_Plot_24,sb49763,primary,0.2334100 37.4110213 993.9 3.15,savmon|lw|woody|ho savmon|lw|herbs|ho,LW,586215d7-a037-471f-9b4c-a866f8066278 858076d3-1f5a-4aad-b9ad-1205828807e0,yes,savanna,2026-05-24T09:03:20.255Z,2759,field-team-2,0,,1
51769cf3-e211-448e-9e29-605c1be4ed5b,SavMon_LW_Plot_02,lw_baseline,449006e8-3cda-4659-b7db-b892d3aa0320,SavMon_LW_Plot_02,sb4974w,primary,0.2339957 37.4064279 988.9 4.933,savmon|lw|woody|ho savmon|lw|herbs|ho,LW,586215d7-a037-471f-9b4c-a866f8066278 858076d3-1f5a-4aad-b9ad-1205828807e0,yes,savanna,2026-05-24T07:01:01.903Z,2759,field-team-2,0,,1
a07d4a19-ea5e-4487-b8ce-b5388deaa4f4,SavMon_LW_Plot_28,lw_baseline,199afebb-92ab-4fa5-bda0-b3ff4d3f6c4c,SavMon_LW_Plot_28,sb4974s,primary,0.2341920 37.4033147 990.0787129571096 3.0,savmon|lw|woody|ho savmon|lw|herbs|ho,LW,586215d7-a037-471f-9b4c-a866f8066278 858076d3-1f5a-4aad-b9ad-1205828807e0,yes,savanna,2026-05-23T13:36:08.522Z,2759,field-team-2,0,,1
5e003c10-72d4-42a4-9af5-6dbfbeac222c,SavMon_LW_Plot_01,lw_baseline,1de06e5f-ffea-4859-a9ea-d8892e47a9bf,SavMon_LW_Plot_01,sb49744,primary,0.2313570 37.4002465 980.1 4.88,savmon|lw|woody|ho savmon|lw|herbs|ho,LW,586215d7-a037-471f-9b4c-a866f8066278 858076d3-1f5a-4aad-b9ad-1205828807e0,yes,savanna,2026-05-23T12:02:38.177Z,2759,field-team-2,0,,1
78433e79-8d49-434b-8c68-a7c6f128f1e9,SavMon_LW_Plot_13,lw_baseline,8ec46daa-1087-4d15-b103-f34f36089718,SavMon_LW_Plot_13,sb496fx,primary,0.2342553 37.3968651 996.3885502360017 3.6,savmon|lw|woody|ho savmon|lw|herbs|ho,LW,586215d7-a037-471f-9b4c-a866f8066278 858076d3-1f5a-4aad-b9ad-1205828807e0,yes,savanna,2026-05-23T09:40:35.177Z,2759,field-team-2,0,,1
921c7cc5-8b9f-49dd-861d-208adf3bb3f8,SavMon_LW_Plot_17,lw_baseline,1d979a81-a11a-43de-85de-7367754879ba,SavMon_LW_Plot_17,sb496dm,primary,0.2325834 37.3828088 990.4103392171003 3.4,savmon|lw|woody|ho savmon|lw|herbs|ho,LW,586215d7-a037-471f-9b4c-a866f8066278 858076d3-1f5a-4aad-b9ad-1205828807e0,yes,savanna,2026-05-23T08:32:12.632Z,2759,field-team-2,0,,1
f3fb5ba5-0209-4ac4-9666-8023f28a8918,SavMon_LW_Plot_06,lw_baseline,6af30a65-e02d-41ca-ad67-c426c219db54,SavMon_LW_Plot_06,sb49665,primary,0.2316303 37.3695558 991.9836855938614 2.2,savmon|lw|woody|ho savmon|lw|herbs|ho,LW,586215d7-a037-471f-9b4c-a866f8066278 858076d3-1f5a-4aad-b9ad-1205828807e0,yes,savanna,2026-05-23T06:36:19.691Z,2759,field-team-2,0,,1
e9e1ee42-30f6-43ef-995b-10ed880c80d4,SavMon_LW_Plot_46,lw_baseline,9b4a3681-b610-42f8-abbe-a5fb4da4892a,SavMon_LW_Plot_46,sb49t30,backup,0.2693110 37.4967388 962.531916803011 3.15,savmon|lw|woody|ho savmon|lw|herbs|ho,LW,586215d7-a037-471f-9b4c-a866f8066278 858076d3-1f5a-4aad-b9ad-1205828807e0,yes,savanna,2026-05-22T14:40:03.562Z,2759,field-team-2,0,,1
0797d530-529f-4d8b-8356-16675cc44cd5,SavMon_LW_Plot_19,lw_baseline,660f5446-1622-40f1-b3b0-0d2dcf623530,SavMon_LW_Plot_19,sb49jpy,primary,0.2192015 37.4939803 995.6999999999999 3.0,savmon|lw|woody|ho savmon|lw|herbs|ho,LW,586215d7-a037-471f-9b4c-a866f8066278 858076d3-1f5a-4aad-b9ad-1205828807e0,yes,savanna,2026-05-22T13:12:57.778Z,2759,field-team-2,0,,1
d4d63c8b-56ab-40bf-92c3-1509ed39c411,SavMon_LW_Plot_27,lw_baseline,b58271e9-c6d1-44f9-9286-0245b2e30a69,SavMon_LW_Plot_27,sb49jps,primary,0.2176415 37.4913878 1020.1625427398855 3.2,savmon|lw|woody|ho savmon|lw|herbs|ho,LW,586215d7-a037-471f-9b4c-a866f8066278 858076d3-1f5a-4aad-b9ad-1205828807e0,yes,savanna,2026-05-22T11:40:58.689Z,2759,field-team-2,0,,1
fd4fed55-b92c-425a-9f66-1b15427f9ce0,SavMon_LW_Plot_26,lw_baseline,fb648edf-3606-4436-8f7d-9e8083e47744,SavMon_LW_Plot_26,sb49jpd,primary,0.2176050 37.4882202 970.4663870721746 3.35,savmon|lw|woody|ho savmon|lw|herbs|ho,LW,586215d7-a037-471f-9b4c-a866f8066278 858076d3-1f5a-4aad-b9ad-1205828807e0,yes,savanna,2026-05-22T09:00:57.687Z,2759,field-team-2,0,,1
8b3625d9-e13f-4e93-bd2d-2a8822b7999b,SavMon_LW_Plot_23,lw_baseline,b4bc7234-ca9b-4aeb-81ea-4fc30142306d,SavMon_LW_Plot_23,sb49kgq,primary,,savmon|lw|woody|ho savmon|lw|herbs|ho,LW,586215d7-a037-471f-9b4c-a866f8066278 858076d3-1f5a-4aad-b9ad-1205828807e0,no,savanna,2026-05-22T08:30:57.211Z,2759,field-team-2,0,,1
dbd003da-4c6a-46a3-95be-ce6febaaab89,SavMon_LW_Plot_05,lw_baseline,68a92b1d-cd91-42f8-a4ac-582d2b2d3e30,SavMon_LW_Plot_05,sb49t1d,primary,0.2729597 37.4891393 1004.3117950224217 4.6,savmon|lw|woody|ho savmon|lw|herbs|ho,LW,586215d7-a037-471f-9b4c-a866f8066278 858076d3-1f5a-4aad-b9ad-1205828807e0,yes,savanna,2026-05-22T06:25:06.958Z,2759,field-team-2,0,,1
3aac9518-a602-45ce-995c-cc06fc17975a,SavMon_LW_Plot_09,lw_baseline,0dc3e2bd-b285-42d5-b047-ac5172a3b61b,SavMon_LW_Plot_09,sb49mh4,primary,0.2423874 37.4886530 988.4 2.65,savmon|lw|woody|ho savmon|lw|herbs|ho,LW,586215d7-a037-471f-9b4c-a866f8066278 858076d3-1f5a-4aad-b9ad-1205828807e0,yes,savanna,2026-05-21T11:46:33.331Z,2759,field-team-2,0,,1
f0e18f43-2623-4095-98a7-fc95f06abf6f,SavMon_LW_Plot_14,lw_baseline,af3dc968-e531-4f35-894a-a57c843c3a9a,SavMon_LW_Plot_14,sb49m2h,primary,0.2208665 37.5026736 988.2114331891643 3.1,savmon|lw|woody|ho savmon|lw|herbs|ho,LW,586215d7-a037-471f-9b4c-a866f8066278 858076d3-1f5a-4aad-b9ad-1205828807e0,yes,savanna,2026-05-21T09:49:22.078Z,2759,field-team-2,0,,1
d17cbd2e-4c3a-4a01-bd96-59b63764c5d5,SavMon_LW_Plot_10,lw_baseline,9dd50ef0-e5d2-4897-b6db-0c5804373b86,SavMon_LW_Plot_10,sb49jrf,primary,0.2197170 37.4990876 980.1165074801743 5.0,savmon|lw|woody|ho savmon|lw|herbs|ho,LW,586215d7-a037-471f-9b4c-a866f8066278 858076d3-1f5a-4aad-b9ad-1205828807e0,yes,savanna,2026-05-21T08:27:05.601Z,2759,field-team-2,0,,1
986beb25-610e-4272-98b0-e53ae97004a1,SavMon_LW_Plot_30,lw_baseline,8c172f11-fdb2-47bf-8c0b-1f34cd071afb,SavMon_LW_Plot_30,sb49m20,primary,0.2207736 37.4966092 975.7348022421983 4.5,savmon|lw|woody|ho savmon|lw|herbs|ho,LW,586215d7-a037-471f-9b4c-a866f8066278 858076d3-1f5a-4aad-b9ad-1205828807e0,yes,savanna,2026-05-20T16:59:12.201Z,2758,field-team-1,0,,1
26e5a11d-9c38-4c69-9919-aa8489756096,SavMon_LW_Plot_03,lw_baseline,810aa56e-e50a-44ab-9ab8-42d1552c349a,SavMon_LW_Plot_03,sb49kb3,primary,0.2220752 37.4761667 932.6738097582668 3.7,savmon|lw|woody|ho savmon|lw|herbs|ho,LW,586215d7-a037-471f-9b4c-a866f8066278 858076d3-1f5a-4aad-b9ad-1205828807e0,yes,savanna,2026-05-20T16:37:10.032Z,2758,field-team-1,0,,1
0b3c0eb2-b30d-43c9-96bc-19b7d9bffb2b,SavMon_LW_Plot_22,lw_baseline,042bc8a0-b02c-4046-bd2e-4efb8a8d655d,SavMon_LW_Plot_22,sb49k8x,primary,0.2231524 37.4735576 982.2839538395813 4.8,savmon|lw|woody|ho savmon|lw|herbs|ho,LW,586215d7-a037-471f-9b4c-a866f8066278 858076d3-1f5a-4aad-b9ad-1205828807e0,yes,savanna,2026-05-20T16:09:32.247Z,2758,field-team-1,0,,1
ba376b02-9c8f-48f0-8ef9-1f7987744347,SavMon_LW_Plot_12,lw_baseline,887b967e-cfda-42f9-9762-85838f49c6c7,SavMon_LW_Plot_12,sb4963y,primary,0.2297991 37.3733041 989.8 4.92,savmon|lw|woody|ho savmon|lw|herbs|ho,LW,586215d7-a037-471f-9b4c-a866f8066278 858076d3-1f5a-4aad-b9ad-1205828807e0,yes,savanna,2026-05-19T16:15:57.488Z,2758,field-team-1,0,,1
edf62d32-bf13-47ec-ad1c-356bed17570a,SavMon_LW_Plot_08,lw_baseline,1920716b-0cc6-42b0-8ebf-90ece20050df,SavMon_LW_Plot_08,sb4961k,primary,0.2277962 37.3593798 983.1999999999999 4.2,savmon|lw|woody|ho savmon|lw|herbs|ho,LW,858076d3-1f5a-4aad-b9ad-1205828807e0 586215d7-a037-471f-9b4c-a866f8066278,yes,savanna,2026-05-19T15:48:44.869Z,2758,field-team-1,0,,1
