SubmissionDate,note_overview,field_team_specifics-selected_transport_type_uuid,field_team_specifics-transport_type_label,field_team_specifics-selected_project_team_uuid_multi,field_team_specifics-recorder_uuid,field_team_specifics-recorder_label,survey_begin-start_time,survey_begin-survey_year,survey_begin-selected_survey_uuid,survey_begin-get_survey_label,survey_begin-project_label,survey_begin-project_abbr,survey_begin-area_label,survey_begin-baseline_year,survey_begin-replicate_index,survey_begin-replicate,survey_begin-survey_type,survey_begin-target_group,survey_begin-note_parent_labels,plot_selection-selected_plot_uuid,plot_selection-plot_name,plot_selection-get_plot_status,plot_selection-plot_status,plot_selection-quadrat_note,observations-quadrat_repeat_count,base_active_herb_count,new_unknown_index_list,new_missing_index_list,survey_end-quadrats_with_species,survey_end-quadrat_check_heading,survey_end-quadrat_check,survey_end-background_geopoint-Latitude,survey_end-background_geopoint-Longitude,survey_end-background_geopoint-Altitude,survey_end-background_geopoint-Accuracy,survey_end-note_field_submission,survey_end-confirm_submission,survey_end-herbaceous_veg_notes,survey_end-end_time,meta-instanceID,meta-instanceName,KEY,SubmitterID,SubmitterName,AttachmentsPresent,AttachmentsExpected,Status,ReviewState,DeviceID,Edits,FormVersion
2026-05-27T08:46:04.721Z,,8f2c4e19-bf36-4482-a15b-1464fa64ee6b,Vehicle,3d8e9574-9d4d-4af3-90dd-bd381203f80a 69eaf9dd-2138-4048-b18d-df95d9cb6411 32c9ea24-1a8d-41d6-8f2e-4a94b08ffacc,32c9ea24-1a8d-41d6-8f2e-4a94b08ffacc,Grace,2026-05-27T09:41:43.843+02:00,2026,858076d3-1f5a-4aad-b9ad-1205828807e0,savmon|lw|herbs|ho,Savanna Monitoring Pilot,SAVMON,LW,2026,0,lw_baseline,Human Observation,herbs,,b1e1fc7f-afbd-404c-bd6c-55b172d722df,SavMon_LW_Plot_16,primary,,,20,102,103,104,19,,,0.2196027,37.4811118,989.1482171171564,1.5,,yes,,2026-05-27T10:33:03.881+02:00,uuid:599e04cf-832f-4535-8305-967918d12026,SavMon_LW_Plot_16_herbs,uuid:599e04cf-832f-4535-8305-967918d12026,2758,field-team-1,23,23,,,collect:demo-device-01,0,20260516153111
2026-05-27T06:04:11.289Z,,8f2c4e19-bf36-4482-a15b-1464fa64ee6b,Vehicle,3d8e9574-9d4d-4af3-90dd-bd381203f80a 32c9ea24-1a8d-41d6-8f2e-4a94b08ffacc 69eaf9dd-2138-4048-b18d-df95d9cb6411,3d8e9574-9d4d-4af3-90dd-bd381203f80a,Sam,2026-05-26T14:48:42.442+02:00,2026,858076d3-1f5a-4aad-b9ad-1205828807e0,savmon|lw|herbs|ho,Savanna Monitoring Pilot,SAVMON,LW,2026,0,lw_baseline,Human Observation,herbs,,8070570d-64ca-405a-802d-4d721fdc2fe9,SavMon_LW_Plot_21,primary,,,20,100,101,102,18,,,,,,,,yes,,2026-05-26T15:13:14.012+02:00,uuid:c6cc7231-7af6-4bc5-b281-565c53f21763,SavMon_LW_Plot_21_herbs,uuid:c6cc7231-7af6-4bc5-b281-565c53f21763,2759,field-team-2,22,22,,rejected,collect:demo-device-02,0,20260516153111
2026-05-26T17:48:00.388Z,,8f2c4e19-bf36-4482-a15b-1464fa64ee6b,Vehicle,3d8e9574-9d4d-4af3-90dd-bd381203f80a 69eaf9dd-2138-4048-b18d-df95d9cb6411 32c9ea24-1a8d-41d6-8f2e-4a94b08ffacc,32c9ea24-1a8d-41d6-8f2e-4a94b08ffacc,Grace,2026-05-26T09:44:02.068+02:00,2026,858076d3-1f5a-4aad-b9ad-1205828807e0,savmon|lw|herbs|ho,Savanna Monitoring Pilot,SAVMON,LW,2026,0,lw_baseline,Human Observation,herbs,,8070570d-64ca-405a-802d-4d721fdc2fe9,SavMon_LW_Plot_21,primary,,,20,100,101,102,19,,,0.2255744,37.4567425,996.1882276774558,1.9,,yes,,2026-05-26T10:51:37.085+02:00,uuid:49d73df9-2d36-4a1e-aa29-6f94f23a7513,SavMon_LW_Plot_21_herbs,uuid:49d73df9-2d36-4a1e-aa29-6f94f23a7513,2758,field-team-1,23,23,,,collect:demo-device-01,0,20260516153111
2026-05-26T17:38:39.259Z,,8f2c4e19-bf36-4482-a15b-1464fa64ee6b,Vehicle,3d8e9574-9d4d-4af3-90dd-bd381203f80a 69eaf9dd-2138-4048-b18d-df95d9cb6411 32c9ea24-1a8d-41d6-8f2e-4a94b08ffacc,32c9ea24-1a8d-41d6-8f2e-4a94b08ffacc,Grace,2026-05-26T08:23:51.656+02:00,2026,858076d3-1f5a-4aad-b9ad-1205828807e0,savmon|lw|herbs|ho,Savanna Monitoring Pilot,SAVMON,LW,2026,0,lw_baseline,Human Observation,herbs,,a5b642c6-e8ba-4186-a1d3-5ff99852e8b0,SavMon_LW_Plot_18,primary,,,20,99,100,,20,,,0.2225600,37.4388869,991.9174032075849,3.9,,yes,,2026-05-26T09:17:19.761+02:00,uuid:cf362fbc-991a-4db1-8d49-6c1d29fd49c8,SavMon_LW_Plot_18_herbs,uuid:cf362fbc-991a-4db1-8d49-6c1d29fd49c8,2758,field-team-1,21,21,,,collect:demo-device-01,0,20260516153111
2026-05-26T15:11:11.456Z,,8f2c4e19-bf36-4482-a15b-1464fa64ee6b,Vehicle,3d8e9574-9d4d-4af3-90dd-bd381203f80a 32c9ea24-1a8d-41d6-8f2e-4a94b08ffacc 69eaf9dd-2138-4048-b18d-df95d9cb6411,32c9ea24-1a8d-41d6-8f2e-4a94b08ffacc,Grace,2026-05-26T15:31:46.221+02:00,2026,858076d3-1f5a-4aad-b9ad-1205828807e0,savmon|lw|herbs|ho,Savanna Monitoring Pilot,SAVMON,LW,2026,0,lw_baseline,Human Observation,herbs,,e3135c68-679c-4b44-a083-5dc111683665,SavMon_LW_Plot_11,primary,,,20,99,,,20,,,0.2223891,37.4663761,977.4052455783097,2.15,,yes,,2026-05-26T16:25:30.694+02:00,uuid:9e1251bb-84c1-4b7a-a8bb-bafcf7afc82c,SavMon_LW_Plot_11_herbs,uuid:9e1251bb-84c1-4b7a-a8bb-bafcf7afc82c,2758,field-team-1,20,20,,,collect:demo-device-03,0,20260516153111
2026-05-26T15:10:20.718Z,,8f2c4e19-bf36-4482-a15b-1464fa64ee6b,Vehicle,3d8e9574-9d4d-4af3-90dd-bd381203f80a 32c9ea24-1a8d-41d6-8f2e-4a94b08ffacc 69eaf9dd-2138-4048-b18d-df95d9cb6411,32c9ea24-1a8d-41d6-8f2e-4a94b08ffacc,Grace,2026-05-26T14:13:41.819+02:00,2026,858076d3-1f5a-4aad-b9ad-1205828807e0,savmon|lw|herbs|ho,Savanna Monitoring Pilot,SAVMON,LW,2026,0,lw_baseline,Human Observation,herbs,,a5b642c6-e8ba-4186-a1d3-5ff99852e8b0,SavMon_LW_Plot_18,primary,,,20,99,100,,20,,,,,,,,yes,,2026-05-26T14:39:43.798+02:00,uuid:81e3bc36-700f-465d-a1aa-48ebed04a78c,SavMon_LW_Plot_18_herbs,uuid:81e3bc36-700f-465d-a1aa-48ebed04a78c,2759,field-team-2,21,21,,rejected,collect:demo-device-02,0,20260516153111
2026-05-26T11:35:35.244Z,,8f2c4e19-bf36-4482-a15b-1464fa64ee6b,Vehicle,3d8e9574-9d4d-4af3-90dd-bd381203f80a 32c9ea24-1a8d-41d6-8f2e-4a94b08ffacc 69eaf9dd-2138-4048-b18d-df95d9cb6411,3d8e9574-9d4d-4af3-90dd-bd381203f80a,Sam,2026-05-26T11:57:07.407+02:00,2026,858076d3-1f5a-4aad-b9ad-1205828807e0,savmon|lw|herbs|ho,Savanna Monitoring Pilot,SAVMON,LW,2026,0,lw_baseline,Human Observation,herbs,,153ee0a8-8628-4891-8c66-a5d8286552f8,SavMon_LW_Plot_29,primary,,,20,99,,,19,,,,,,,,yes,,2026-05-26T12:39:10.736+02:00,uuid:938c15e5-c942-49aa-8e6d-9633189870ff,SavMon_LW_Plot_29_herbs,uuid:938c15e5-c942-49aa-8e6d-9633189870ff,2759,field-team-2,20,20,,,collect:demo-device-02,0,20260516153111
2026-05-25T14:28:26.813Z,,8f2c4e19-bf36-4482-a15b-1464fa64ee6b,Vehicle,3d8e9574-9d4d-4af3-90dd-bd381203f80a 69eaf9dd-2138-4048-b18d-df95d9cb6411 32c9ea24-1a8d-41d6-8f2e-4a94b08ffacc,32c9ea24-1a8d-41d6-8f2e-4a94b08ffacc,Grace,2026-05-25T15:20:55.552+02:00,2026,858076d3-1f5a-4aad-b9ad-1205828807e0,savmon|lw|herbs|ho,Savanna Monitoring Pilot,SAVMON,LW,2026,0,lw_baseline,Human Observation,herbs,,a7a1282e-9abb-4064-8c91-8ccab91e0e1b,SavMon_LW_Plot_25,primary,,,20,97,,98|99,19,,,0.2190983,37.4369740,983.7404831488269,1.7,,yes,,2026-05-25T16:24:06.562+02:00,uuid:8e5f5c9d-d697-4358-b766-db4a41f28c3e,SavMon_LW_Plot_25_herbs,uuid:8e5f5c9d-d697-4358-b766-db4a41f28c3e,2758,field-team-1,22,22,,,collect:demo-device-01,0,20260516153111
2026-05-25T13:06:39.398Z,,8f2c4e19-bf36-4482-a15b-1464fa64ee6b,Vehicle,3d8e9574-9d4d-4af3-90dd-bd381203f80a 69eaf9dd-2138-4048-b18d-df95d9cb6411 32c9ea24-1a8d-41d6-8f2e-4a94b08ffacc,32c9ea24-1a8d-41d6-8f2e-4a94b08ffacc,Grace,2026-05-25T14:06:27.872+02:00,2026,858076d3-1f5a-4aad-b9ad-1205828807e0,savmon|lw|herbs|ho,Savanna Monitoring Pilot,SAVMON,LW,2026,0,lw_baseline,Human Observation,herbs,,3b4fc821-0b06-4e19-b17b-1330d0dbaf90,SavMon_LW_Plot_04,primary,,,20,95,96|97,,18,,,0.2255527,37.4356714,988.8053285545785,2.3,,yes,,2026-05-25T15:02:51.182+02:00,uuid:4137458f-31e5-4355-b4ad-47858fb11503,SavMon_LW_Plot_04_herbs,uuid:4137458f-31e5-4355-b4ad-47858fb11503,2758,field-team-1,22,22,,,collect:demo-device-01,0,20260516153111
2026-05-24T18:19:35.319Z,,8f2c4e19-bf36-4482-a15b-1464fa64ee6b,Vehicle,3d8e9574-9d4d-4af3-90dd-bd381203f80a 69eaf9dd-2138-4048-b18d-df95d9cb6411 32c9ea24-1a8d-41d6-8f2e-4a94b08ffacc,32c9ea24-1a8d-41d6-8f2e-4a94b08ffacc,Grace,2026-05-24T15:38:45.517+02:00,2026,858076d3-1f5a-4aad-b9ad-1205828807e0,savmon|lw|herbs|ho,Savanna Monitoring Pilot,SAVMON,LW,2026,0,lw_baseline,Human Observation,herbs,,5aafaaed-0656-401d-aea7-3b18bf206c7f,SavMon_LW_Plot_07,primary,,,20,93,94|95,,17,,,0.2316931,37.4292914,978.3476096776092,3.6,,yes,,2026-05-24T16:35:14.978+02:00,uuid:430e85a3-44ce-45f4-9974-c6a61569e78b,SavMon_LW_Plot_07_herbs,uuid:430e85a3-44ce-45f4-9974-c6a61569e78b,2758,field-team-1,22,22,,,collect:demo-device-01,0,20260516153111
2026-05-24T13:40:50.865Z,,8f2c4e19-bf36-4482-a15b-1464fa64ee6b,Vehicle,3d8e9574-9d4d-4af3-90dd-bd381203f80a 69eaf9dd-2138-4048-b18d-df95d9cb6411 32c9ea24-1a8d-41d6-8f2e-4a94b08ffacc,32c9ea24-1a8d-41d6-8f2e-4a94b08ffacc,Grace,2026-05-24T14:00:46.700+02:00,2026,858076d3-1f5a-4aad-b9ad-1205828807e0,savmon|lw|herbs|ho,Savanna Monitoring Pilot,SAVMON,LW,2026,0,lw_baseline,Human Observation,herbs,,8b86dcfb-e97f-4829-9582-0e0aa4d138cd,SavMon_LW_Plot_15,primary,,,20,91,93,92,17,,,0.2347421,37.4260825,990.8140125082958,3.3,,yes,,2026-05-24T15:00:57.168+02:00,uuid:54452130-d92e-4996-a0d7-9401811b9ed7,SavMon_LW_Plot_15_herbs,uuid:54452130-d92e-4996-a0d7-9401811b9ed7,2758,field-team-1,22,22,,,collect:demo-device-01,0,20260516153111
2026-05-24T11:35:09.026Z,,8f2c4e19-bf36-4482-a15b-1464fa64ee6b,Vehicle,3d8e9574-9d4d-4af3-90dd-bd381203f80a 69eaf9dd-2138-4048-b18d-df95d9cb6411 32c9ea24-1a8d-41d6-8f2e-4a94b08ffacc,32c9ea24-1a8d-41d6-8f2e-4a94b08ffacc,Grace,2026-05-24T12:09:18.278+02:00,2026,858076d3-1f5a-4aad-b9ad-1205828807e0,savmon|lw|herbs|ho,Savanna Monitoring Pilot,SAVMON,LW,2026,0,lw_baseline,Human Observation,herbs,,aeeedfcc-fb44-4419-a959-8ed6e365e584,SavMon_LW_Plot_20,primary,,,20,90,91,,19,,,0.2348181,37.4228826,983.91226025698,3.8,,yes,,2026-05-24T13:03:20.340+02:00,uuid:b816a9b4-f338-432a-83d7-1cf354583f0f,SavMon_LW_Plot_20_herbs,uuid:b816a9b4-f338-432a-83d7-1cf354583f0f,2758,field-team-1,21,21,,,collect:demo-device-01,0,20260516153111
2026-05-24T09:47:32.400Z,,8f2c4e19-bf36-4482-a15b-1464fa64ee6b,Vehicle,3d8e9574-9d4d-4af3-90dd-bd381203f80a 69eaf9dd-2138-4048-b18d-df95d9cb6411 32c9ea24-1a8d-41d6-8f2e-4a94b08ffacc,32c9ea24-1a8d-41d6-8f2e-4a94b08ffacc,Grace,2026-05-24T11:05:25.863+02:00,2026,858076d3-1f5a-4aad-b9ad-1205828807e0,savmon|lw|herbs|ho,Savanna Monitoring Pilot,SAVMON,LW,2026,0,lw_baseline,Human Observation,herbs,,ca163b94-25b0-4914-b2f1-97ed56fc4e74,SavMon_LW_Plot_24,primary,,,20,90,,,19,,,0.2334308,37.4107618,984.7945172203139,2.35,,yes,,2026-05-24T11:43:26.769+02:00,uuid:ef5c5535-1739-481b-af66-71061de5dcd2,SavMon_LW_Plot_24_herbs,uuid:ef5c5535-1739-481b-af66-71061de5dcd2,2758,field-team-1,20,20,,,collect:demo-device-01,0,20260516153111
2026-05-24T09:07:25.380Z,,8f2c4e19-bf36-4482-a15b-1464fa64ee6b,Vehicle,3d8e9574-9d4d-4af3-90dd-bd381203f80a 69eaf9dd-2138-4048-b18d-df95d9cb6411 32c9ea24-1a8d-41d6-8f2e-4a94b08ffacc,32c9ea24-1a8d-41d6-8f2e-4a94b08ffacc,Grace,2026-05-24T09:06:21.041+02:00,2026,858076d3-1f5a-4aad-b9ad-1205828807e0,savmon|lw|herbs|ho,Savanna Monitoring Pilot,SAVMON,LW,2026,0,lw_baseline,Human Observation,herbs,,51769cf3-e211-448e-9e29-605c1be4ed5b,SavMon_LW_Plot_02,primary,,,20,87,88,89|90,17,,,0.2341305,37.4062378,991.4661384780803,1.8,,yes,,2026-05-24T10:46:39.960+02:00,uuid:e63b6ad6-7893-4cca-a1db-00fbde18a2aa,SavMon_LW_Plot_02_herbs,uuid:e63b6ad6-7893-4cca-a1db-00fbde18a2aa,2758,field-team-1,23,23,,,collect:demo-device-01,0,20260516153111
2026-05-23T16:13:24.873Z,,8f2c4e19-bf36-4482-a15b-1464fa64ee6b,Vehicle,3d8e9574-9d4d-4af3-90dd-bd381203f80a 69eaf9dd-2138-4048-b18d-df95d9cb6411 32c9ea24-1a8d-41d6-8f2e-4a94b08ffacc,32c9ea24-1a8d-41d6-8f2e-4a94b08ffacc,Grace,2026-05-23T15:40:19.202+02:00,2026,858076d3-1f5a-4aad-b9ad-1205828807e0,savmon|lw|herbs|ho,Savanna Monitoring Pilot,SAVMON,LW,2026,0,lw_baseline,Human Observation,herbs,,a07d4a19-ea5e-4487-b8ce-b5388deaa4f4,SavMon_LW_Plot_28,primary,,,20,84,85|86|87,,19,,,0.2342668,37.4031661,988.6473186639686,4.3,,yes,,2026-05-23T16:44:41.505+02:00,uuid:c4ea3469-7e1c-474a-9ce6-fc1926e590e2,SavMon_LW_Plot_28_herbs,uuid:c4ea3469-7e1c-474a-9ce6-fc1926e590e2,2758,field-team-1,23,23,,,collect:demo-device-01,0,20260516153111
2026-05-23T13:40:11.776Z,,8f2c4e19-bf36-4482-a15b-1464fa64ee6b,Vehicle,3d8e9574-9d4d-4af3-90dd-bd381203f80a 69eaf9dd-2138-4048-b18d-df95d9cb6411 32c9ea24-1a8d-41d6-8f2e-4a94b08ffacc,32c9ea24-1a8d-41d6-8f2e-4a94b08ffacc,Grace,2026-05-23T14:03:35.486+02:00,2026,858076d3-1f5a-4aad-b9ad-1205828807e0,savmon|lw|herbs|ho,Savanna Monitoring Pilot,SAVMON,LW,2026,0,lw_baseline,Human Observation,herbs,,5e003c10-72d4-42a4-9af5-6dbfbeac222c,SavMon_LW_Plot_01,primary,,,20,83,,84,19,,,0.2313524,37.4000193,992.9476601239826,1.8,,yes,,2026-05-23T15:13:09.951+02:00,uuid:9fd08bb2-7c3f-49f5-8ad8-dd6f45da94da,SavMon_LW_Plot_01_herbs,uuid:9fd08bb2-7c3f-49f5-8ad8-dd6f45da94da,2758,field-team-1,21,21,,,collect:demo-device-01,0,20260516153111
2026-05-23T10:59:12.814Z,,8f2c4e19-bf36-4482-a15b-1464fa64ee6b,Vehicle,3d8e9574-9d4d-4af3-90dd-bd381203f80a 69eaf9dd-2138-4048-b18d-df95d9cb6411 32c9ea24-1a8d-41d6-8f2e-4a94b08ffacc,32c9ea24-1a8d-41d6-8f2e-4a94b08ffacc,Grace,2026-05-23T11:46:11.005+02:00,2026,858076d3-1f5a-4aad-b9ad-1205828807e0,savmon|lw|herbs|ho,Savanna Monitoring Pilot,SAVMON,LW,2026,0,lw_baseline,Human Observation,herbs,,78433e79-8d49-434b-8c68-a7c6f128f1e9,SavMon_LW_Plot_13,primary,,,20,83,,,20,,,0.2342996,37.3966595,990.2509505109933,1.8,,yes,,2026-05-23T12:56:33.607+02:00,uuid:ebe93f04-c927-4af3-9668-21b6540c01ea,SavMon_LW_Plot_13_herbs,uuid:ebe93f04-c927-4af3-9668-21b6540c01ea,2758,field-team-1,20,20,,,collect:demo-device-01,0,20260516153111
2026-05-23T09:47:05.332Z,,8f2c4e19-bf36-4482-a15b-1464fa64ee6b,Vehicle,3d8e9574-9d4d-4af3-90dd-bd381203f80a 69eaf9dd-2138-4048-b18d-df95d9cb6411 32c9ea24-1a8d-41d6-8f2e-4a94b08ffacc,32c9ea24-1a8d-41d6-8f2e-4a94b08ffacc,Grace,2026-05-23T10:36:08.839+02:00,2026,858076d3-1f5a-4aad-b9ad-1205828807e0,savmon|lw|herbs|ho,Savanna Monitoring Pilot,SAVMON,LW,2026,0,lw_baseline,Human Observation,herbs,,921c7cc5-8b9f-49dd-861d-208adf3bb3f8,SavMon_LW_Plot_17,primary,,,20,83,,,20,,,0.2324286,37.3826805,989.2336772651718,3.2,,yes,,2026-05-23T11:20:00.510+02:00,uuid:b940a5e4-f4ed-4120-ba4e-70f858b86dfd,SavMon_LW_Plot_17_herbs,uuid:b940a5e4-f4ed-4120-ba4e-70f858b86dfd,2758,field-team-1,20,20,,,collect:demo-device-01,0,20260516153111
2026-05-23T08:37:22.961Z,,8f2c4e19-bf36-4482-a15b-1464fa64ee6b,Vehicle,3d8e9574-9d4d-4af3-90dd-bd381203f80a 69eaf9dd-2138-4048-b18d-df95d9cb6411 32c9ea24-1a8d-41d6-8f2e-4a94b08ffacc,32c9ea24-1a8d-41d6-8f2e-4a94b08ffacc,Grace,2026-05-23T08:37:13.454+02:00,2026,858076d3-1f5a-4aad-b9ad-1205828807e0,savmon|lw|herbs|ho,Savanna Monitoring Pilot,SAVMON,LW,2026,0,lw_baseline,Human Observation,herbs,,f3fb5ba5-0209-4ac4-9666-8023f28a8918,SavMon_LW_Plot_06,primary,,,20,75,76|78|80|81|82,77|79|83,20,,,0.2316235,37.3693448,992.2115656810387,2.4,,yes,,2026-05-23T10:09:02.499+02:00,uuid:7ae61d55-3663-422e-aad2-9104b56c9a47,SavMon_LW_Plot_06_herbs,uuid:7ae61d55-3663-422e-aad2-9104b56c9a47,2758,field-team-1,28,28,,,collect:demo-device-01,0,20260516153111
2026-05-22T17:28:41.086Z,,8f2c4e19-bf36-4482-a15b-1464fa64ee6b,Vehicle,3d8e9574-9d4d-4af3-90dd-bd381203f80a 69eaf9dd-2138-4048-b18d-df95d9cb6411 32c9ea24-1a8d-41d6-8f2e-4a94b08ffacc,32c9ea24-1a8d-41d6-8f2e-4a94b08ffacc,Grace,2026-05-22T16:41:42.486+02:00,2026,858076d3-1f5a-4aad-b9ad-1205828807e0,savmon|lw|herbs|ho,Savanna Monitoring Pilot,SAVMON,LW,2026,0,lw_baseline,Human Observation,herbs,,e9e1ee42-30f6-43ef-995b-10ed880c80d4,SavMon_LW_Plot_46,backup,,,20,74,,75,14,,,0.2693906,37.4965646,976.9693209385116,2.65,,yes,,2026-05-22T17:14:40.641+02:00,uuid:dae71a1b-a6f9-4a6d-a7e5-8ffbb89fad6f,SavMon_LW_Plot_46_herbs,uuid:dae71a1b-a6f9-4a6d-a7e5-8ffbb89fad6f,2758,field-team-1,21,21,,,collect:demo-device-01,0,20260516153111
2026-05-22T14:43:09.418Z,,8f2c4e19-bf36-4482-a15b-1464fa64ee6b,Vehicle,3d8e9574-9d4d-4af3-90dd-bd381203f80a 69eaf9dd-2138-4048-b18d-df95d9cb6411 32c9ea24-1a8d-41d6-8f2e-4a94b08ffacc,32c9ea24-1a8d-41d6-8f2e-4a94b08ffacc,Grace,2026-05-22T15:13:59.075+02:00,2026,858076d3-1f5a-4aad-b9ad-1205828807e0,savmon|lw|herbs|ho,Savanna Monitoring Pilot,SAVMON,LW,2026,0,lw_baseline,Human Observation,herbs,,0797d530-529f-4d8b-8356-16675cc44cd5,SavMon_LW_Plot_19,primary,,,20,72,,73|74,16,,,0.2190328,37.4937794,984.1315602571821,3.1,,yes,,2026-05-22T16:13:57.742+02:00,uuid:9ec95900-d4e8-4825-be75-07834b98cc6c,SavMon_LW_Plot_19_herbs,uuid:9ec95900-d4e8-4825-be75-07834b98cc6c,2758,field-team-1,22,22,,,collect:demo-device-01,0,20260516153111
2026-05-22T13:14:16.259Z,,8f2c4e19-bf36-4482-a15b-1464fa64ee6b,Vehicle,3d8e9574-9d4d-4af3-90dd-bd381203f80a 69eaf9dd-2138-4048-b18d-df95d9cb6411 32c9ea24-1a8d-41d6-8f2e-4a94b08ffacc,32c9ea24-1a8d-41d6-8f2e-4a94b08ffacc,Grace,2026-05-22T13:42:52.438+02:00,2026,858076d3-1f5a-4aad-b9ad-1205828807e0,savmon|lw|herbs|ho,Savanna Monitoring Pilot,SAVMON,LW,2026,0,lw_baseline,Human Observation,herbs,,d4d63c8b-56ab-40bf-92c3-1509ed39c411,SavMon_LW_Plot_27,primary,,,20,71,72,,19,,,0.2174530,37.4912178,987.2,3.2,,yes,,2026-05-22T14:49:24.879+02:00,uuid:c803a008-7014-4a4e-a485-68e1d90d767c,SavMon_LW_Plot_27_herbs,uuid:c803a008-7014-4a4e-a485-68e1d90d767c,2758,field-team-1,21,21,,,collect:demo-device-01,0,20260516153111
2026-05-22T10:58:45.180Z,,8f2c4e19-bf36-4482-a15b-1464fa64ee6b,Vehicle,3d8e9574-9d4d-4af3-90dd-bd381203f80a 69eaf9dd-2138-4048-b18d-df95d9cb6411 32c9ea24-1a8d-41d6-8f2e-4a94b08ffacc,32c9ea24-1a8d-41d6-8f2e-4a94b08ffacc,Grace,2026-05-22T11:05:16.453+02:00,2026,858076d3-1f5a-4aad-b9ad-1205828807e0,savmon|lw|herbs|ho,Savanna Monitoring Pilot,SAVMON,LW,2026,0,lw_baseline,Human Observation,herbs,,fd4fed55-b92c-425a-9f66-1b15427f9ce0,SavMon_LW_Plot_26,primary,,,20,66,68|70|71,67|69,19,,,0.2176335,37.4880220,984.788757586732,2.9,,yes,,2026-05-22T12:55:03.901+02:00,uuid:2439f628-f86d-4770-98d1-ae7b99a4d91f,SavMon_LW_Plot_26_herbs,uuid:2439f628-f86d-4770-98d1-ae7b99a4d91f,2758,field-team-1,25,25,,,collect:demo-device-01,0,20260516153111
2026-05-22T09:07:44.478Z,,8f2c4e19-bf36-4482-a15b-1464fa64ee6b,Vehicle,3d8e9574-9d4d-4af3-90dd-bd381203f80a 69eaf9dd-2138-4048-b18d-df95d9cb6411 32c9ea24-1a8d-41d6-8f2e-4a94b08ffacc,32c9ea24-1a8d-41d6-8f2e-4a94b08ffacc,Grace,2026-05-22T08:27:48.309+02:00,2026,858076d3-1f5a-4aad-b9ad-1205828807e0,savmon|lw|herbs|ho,Savanna Monitoring Pilot,SAVMON,LW,2026,0,lw_baseline,Human Observation,herbs,,dbd003da-4c6a-46a3-95be-ce6febaaab89,SavMon_LW_Plot_05,primary,,,20,62,66,63|64|65,12,,,0.2731754,37.4888130,982.5999999999999,3.4,,yes,,2026-05-22T10:10:17.701+02:00,uuid:5d242bf2-8888-4eb0-9082-431482177425,SavMon_LW_Plot_05_herbs,uuid:5d242bf2-8888-4eb0-9082-431482177425,2758,field-team-1,24,24,,,collect:demo-device-01,0,20260516153111
2026-05-21T13:50:26.717Z,,8f2c4e19-bf36-4482-a15b-1464fa64ee6b,Vehicle,3d8e9574-9d4d-4af3-90dd-bd381203f80a 69eaf9dd-2138-4048-b18d-df95d9cb6411 32c9ea24-1a8d-41d6-8f2e-4a94b08ffacc,32c9ea24-1a8d-41d6-8f2e-4a94b08ffacc,Grace,2026-05-21T13:50:51.836+02:00,2026,858076d3-1f5a-4aad-b9ad-1205828807e0,savmon|lw|herbs|ho,Savanna Monitoring Pilot,SAVMON,LW,2026,0,lw_baseline,Human Observation,herbs,,3aac9518-a602-45ce-995c-cc06fc17975a,SavMon_LW_Plot_09,primary,,,20,55,56|58|61,57|59|60|62,19,,,0.2423781,37.4884424,989.7572090717009,3.0,,yes,,2026-05-21T15:12:35.858+02:00,uuid:95cde0b4-8b49-4f5d-a3c7-6765e1c06466,SavMon_LW_Plot_09_herbs,uuid:95cde0b4-8b49-4f5d-a3c7-6765e1c06466,2758,field-team-1,28,28,,,collect:demo-device-01,0,20260516153111
2026-05-21T11:51:09.826Z,,8f2c4e19-bf36-4482-a15b-1464fa64ee6b,Vehicle,3d8e9574-9d4d-4af3-90dd-bd381203f80a 69eaf9dd-2138-4048-b18d-df95d9cb6411 32c9ea24-1a8d-41d6-8f2e-4a94b08ffacc,32c9ea24-1a8d-41d6-8f2e-4a94b08ffacc,Grace,2026-05-21T12:03:53.133+02:00,2026,858076d3-1f5a-4aad-b9ad-1205828807e0,savmon|lw|herbs|ho,Savanna Monitoring Pilot,SAVMON,LW,2026,0,lw_baseline,Human Observation,herbs,,f0e18f43-2623-4095-98a7-fc95f06abf6f,SavMon_LW_Plot_14,primary,,,20,51,52|54|55,53,11,,,0.2208012,37.5024811,983.2650916279716,3.3,,yes,,2026-05-21T13:01:23.716+02:00,uuid:fdf5f121-0a7f-4769-85bb-4717e0361eb4,SavMon_LW_Plot_14_herbs,uuid:fdf5f121-0a7f-4769-85bb-4717e0361eb4,2758,field-team-1,25,25,,,collect:demo-device-01,0,20260516153111
2026-05-21T11:35:23.804Z,,8f2c4e19-bf36-4482-a15b-1464fa64ee6b,Vehicle,3d8e9574-9d4d-4af3-90dd-bd381203f80a 69eaf9dd-2138-4048-b18d-df95d9cb6411 32c9ea24-1a8d-41d6-8f2e-4a94b08ffacc,32c9ea24-1a8d-41d6-8f2e-4a94b08ffacc,Grace,2026-05-21T10:29:48.099+02:00,2026,858076d3-1f5a-4aad-b9ad-1205828807e0,savmon|lw|herbs|ho,Savanna Monitoring Pilot,SAVMON,LW,2026,0,lw_baseline,Human Observation,herbs,,d17cbd2e-4c3a-4a01-bd96-59b63764c5d5,SavMon_LW_Plot_10,primary,,,20,47,49,48|50|51,18,,,0.2196478,37.4988997,978.3,2.4,,yes,,2026-05-21T11:33:00.113+02:00,uuid:3865525f-1d45-40fc-83ca-7e30fafe6b54,SavMon_LW_Plot_10_herbs,uuid:3865525f-1d45-40fc-83ca-7e30fafe6b54,2758,field-team-1,25,25,,,collect:demo-device-01,0,20260516153111
2026-05-21T08:17:22.710Z,,8f2c4e19-bf36-4482-a15b-1464fa64ee6b,Vehicle,3d8e9574-9d4d-4af3-90dd-bd381203f80a 32c9ea24-1a8d-41d6-8f2e-4a94b08ffacc 69eaf9dd-2138-4048-b18d-df95d9cb6411,32c9ea24-1a8d-41d6-8f2e-4a94b08ffacc,Grace,2026-05-21T08:10:43.275+02:00,2026,858076d3-1f5a-4aad-b9ad-1205828807e0,savmon|lw|herbs|ho,Savanna Monitoring Pilot,SAVMON,LW,2026,0,lw_baseline,Human Observation,herbs,,986beb25-610e-4272-98b0-e53ae97004a1,SavMon_LW_Plot_30,primary,,,20,42,44|45,43|46|47,14,,,0.2204397,37.4964042,973.9054869346252,5.066,,yes,,2026-05-21T09:52:06.617+02:00,uuid:c17516f9-53dd-4fda-b4e6-e257068198b9,SavMon_LW_Plot_30_herbs,uuid:c17516f9-53dd-4fda-b4e6-e257068198b9,2759,field-team-2,25,25,,,collect:demo-device-02,0,20260516153111
2026-05-20T17:29:47.459Z,,8f2c4e19-bf36-4482-a15b-1464fa64ee6b,Vehicle,3d8e9574-9d4d-4af3-90dd-bd381203f80a 69eaf9dd-2138-4048-b18d-df95d9cb6411 32c9ea24-1a8d-41d6-8f2e-4a94b08ffacc,3d8e9574-9d4d-4af3-90dd-bd381203f80a,Sam,2026-05-20T15:24:08.274+02:00,2026,858076d3-1f5a-4aad-b9ad-1205828807e0,savmon|lw|herbs|ho,Savanna Monitoring Pilot,SAVMON,LW,2026,0,lw_baseline,Human Observation,herbs,,26e5a11d-9c38-4c69-9919-aa8489756096,SavMon_LW_Plot_03,primary,,,20,35,36|37|38|39|42,40|41,18,,,0.2220679,37.4759060,980.5689099963944,3.9,,yes,,2026-05-20T16:22:49.002+02:00,uuid:967cb42c-f21a-4ba6-92be-81cd6d2b0e8d,SavMon_LW_Plot_03_herbs,uuid:967cb42c-f21a-4ba6-92be-81cd6d2b0e8d,2758,field-team-1,28,28,,,collect:demo-device-01,0,20260516153111
2026-05-20T16:55:23.969Z,,8f2c4e19-bf36-4482-a15b-1464fa64ee6b,Vehicle,3d8e9574-9d4d-4af3-90dd-bd381203f80a 69eaf9dd-2138-4048-b18d-df95d9cb6411 32c9ea24-1a8d-41d6-8f2e-4a94b08ffacc,3d8e9574-9d4d-4af3-90dd-bd381203f80a,Sam,2026-05-20T12:53:18.107+02:00,2026,858076d3-1f5a-4aad-b9ad-1205828807e0,savmon|lw|herbs|ho,Savanna Monitoring Pilot,SAVMON,LW,2026,0,lw_baseline,Human Observation,herbs,,0b3c0eb2-b30d-43c9-96bc-19b7d9bffb2b,SavMon_LW_Plot_22,primary,,,20,30,31|33|34|35,32,16,,,0.2231853,37.4733863,977.9896455787677,2.1,,yes,,2026-05-20T14:06:18.691+02:00,uuid:ce4f999d-8849-42a9-a870-1205d47b1903,SavMon_LW_Plot_22_herbs,uuid:ce4f999d-8849-42a9-a870-1205d47b1903,2758,field-team-1,25,25,,,collect:demo-device-01,0,20260516153111
2026-05-20T16:08:54.648Z,,8f2c4e19-bf36-4482-a15b-1464fa64ee6b,Vehicle,3d8e9574-9d4d-4af3-90dd-bd381203f80a 69eaf9dd-2138-4048-b18d-df95d9cb6411 32c9ea24-1a8d-41d6-8f2e-4a94b08ffacc,3d8e9574-9d4d-4af3-90dd-bd381203f80a,Sam,2026-05-20T08:30:47.487+02:00,2026,858076d3-1f5a-4aad-b9ad-1205828807e0,savmon|lw|herbs|ho,Savanna Monitoring Pilot,SAVMON,LW,2026,0,lw_baseline,Human Observation,herbs,,ba376b02-9c8f-48f0-8ef9-1f7987744347,SavMon_LW_Plot_12,primary,,,20,16,17|19|21|23|24|25|26|29|30,18|20|22|27|28,20,,,0.2298308,37.3731672,990.7018857662065,2.4,,yes,,2026-05-20T11:15:33.926+02:00,uuid:e7de35f0-a715-47f1-885f-fd5a0d9a2907,SavMon_LW_Plot_12_herbs,uuid:e7de35f0-a715-47f1-885f-fd5a0d9a2907,2758,field-team-1,36,36,,,collect:demo-device-01,0,20260516153111
2026-05-19T16:39:57.981Z,,8f2c4e19-bf36-4482-a15b-1464fa64ee6b,Vehicle,3d8e9574-9d4d-4af3-90dd-bd381203f80a 69eaf9dd-2138-4048-b18d-df95d9cb6411 32c9ea24-1a8d-41d6-8f2e-4a94b08ffacc,3d8e9574-9d4d-4af3-90dd-bd381203f80a,Sam,2026-05-19T10:42:21.229+02:00,2026,858076d3-1f5a-4aad-b9ad-1205828807e0,savmon|lw|herbs|ho,Savanna Monitoring Pilot,SAVMON,LW,2026,0,lw_baseline,Human Observation,herbs,,edf62d32-bf13-47ec-ad1c-356bed17570a,SavMon_LW_Plot_08,primary,,,20,0,2|6|7|8|9|10|11|12|14|16,1|3|4|5|13|15,19,,,0.2277532,37.3591100,986.684777344995,4.2,,yes,,2026-05-19T14:38:19.360+02:00,uuid:359a5da6-d237-4203-b838-8596bdbd4935,SavMon_LW_Plot_08_herbs,uuid:359a5da6-d237-4203-b838-8596bdbd4935,2758,field-team-1,41,41,,,collect:demo-device-01,0,20260516153111
