SubmissionDate,note_overview,field_team_specifics-selected_transport_type_uuid,field_team_specifics-transport_type_label,field_team_specifics-selected_project_team_uuid_multi,field_team_specifics-recorder_uuid,field_team_specifics-recorder_label,field_team_specifics-default_survey_uuids,survey_begin-start_time,survey_begin-survey_year,survey_begin-selected_survey_uuid_multi,survey_begin-get_survey_label_multi,survey_begin-project_label,survey_begin-project_abbr,survey_begin-area_label,survey_begin-baseline_year,survey_begin-replicate_index,survey_begin-replicate,survey_begin-note_parent_labels,plot_selection-selected_plot_uuid,plot_selection-plot_label,plot_selection-plot_name,plot_selection-geohash,plot_selection-stratum_label,plot_selection-sample_status,plot_selection-is_plot_viable,plot_selection-plot_establishment_notes,plot_metadata-selected_ecosystem_type_uuid,plot_metadata-ecosystem_type_name,plot_metadata-woody_species_present,plot_metadata-known_dominant_woody_species_present,plot_metadata-known_dominant_woody_species,plot_metadata-unknown_dominant_woody_species_present,plot_metadata-unknown_dominant_woody_species,plot_metadata-canopy_height_m,plot_metadata-canopy_structure,plot_metadata-soil_type,plot_metadata-ground_cover,plot_metadata-water_present,plot_metadata-disturbance_types,plot_metadata-collect_points-transect_orientation_note,plot_metadata-collect_points-endpoint_a-image_endpoint_a,plot_metadata-collect_points-endpoint_a-location_endpoint_a-Latitude,plot_metadata-collect_points-endpoint_a-location_endpoint_a-Longitude,plot_metadata-collect_points-endpoint_a-location_endpoint_a-Altitude,plot_metadata-collect_points-endpoint_a-location_endpoint_a-Accuracy,plot_metadata-collect_points-midpoint-image_midpoint_toward_a,plot_metadata-collect_points-midpoint-image_midpoint_toward_b,plot_metadata-collect_points-midpoint-location_midpoint-Latitude,plot_metadata-collect_points-midpoint-location_midpoint-Longitude,plot_metadata-collect_points-midpoint-location_midpoint-Altitude,plot_metadata-collect_points-midpoint-location_midpoint-Accuracy,plot_metadata-collect_points-endpoint_b-image_endpoint_b,plot_metadata-collect_points-endpoint_b-location_endpoint_b-Latitude,plot_metadata-collect_points-endpoint_b-location_endpoint_b-Longitude,plot_metadata-collect_points-endpoint_b-location_endpoint_b-Altitude,plot_metadata-collect_points-endpoint_b-location_endpoint_b-Accuracy,plot_metadata-collect_points-vegplot_transect,survey_end-update_vegplot_link,survey_end-update_marker_color,survey_end-confirm_submission,survey_end-background_geopoint-Latitude,survey_end-background_geopoint-Longitude,survey_end-background_geopoint-Altitude,survey_end-background_geopoint-Accuracy,survey_end-note_field_submission,survey_end-plot_establishment_notes,survey_end-end_time,survey_end-meta-entity-label,meta-entity-label,meta-instanceID,meta-instanceName,KEY,SubmitterID,SubmitterName,AttachmentsPresent,AttachmentsExpected,Status,ReviewState,DeviceID,Edits,FormVersion
2026-05-27T07:37:55.190Z,,8f2c4e19-bf36-4482-a15b-1464fa64ee6b,Vehicle,3d8e9574-9d4d-4af3-90dd-bd381203f80a 32c9ea24-1a8d-41d6-8f2e-4a94b08ffacc 69eaf9dd-2138-4048-b18d-df95d9cb6411,3d8e9574-9d4d-4af3-90dd-bd381203f80a,Sam,586215d7-a037-471f-9b4c-a866f8066278 858076d3-1f5a-4aad-b9ad-1205828807e0,2026-05-26T16:35:41.501+02:00,2026,586215d7-a037-471f-9b4c-a866f8066278 858076d3-1f5a-4aad-b9ad-1205828807e0,savmon|lw|woody|ho savmon|lw|herbs|ho,Savanna Monitoring Pilot,SAVMON,LW,2026,0,lw_baseline,,40b5b142-18e5-45da-afa8-4837f520f2cf,SavMon_LW_Plot_16 (primary),SavMon_LW_Plot_16,sb49hzv,savanna,primary,yes,,b430f4a0-306d-47a3-84eb-5e661e0ce0eb,Scrub,yes,yes,041d419f-cf7b-468c-8a42-e1e95b7b2260,no,,2,closed,grey_sand,forbs non-dwarf_shrubs litter soil,no,wildlife_disturbance human_or_livestock_disturbance,,1779867304661.jpg,0.2196114,37.4809857,990.7887184457429,3.7,1779867335512.jpg,1779867342327.jpg,0.2195439,37.4812757,990.8,3.6,1779867383248.jpg,0.2195170,37.4815011,990.6175054318735,3.4,0.2196114 37.4809857 990.7887184457429 3.7; 0.2195439 37.4812757 990.8 3.6; 0.2195170 37.4815011 990.6175054318735 3.4,yes,#c8cbcc,yes,,,,,,,2026-05-27T09:36:34.117+02:00,SavMon_LW_Plot_16 (primary),SavMon_LW_Plot_16,uuid:4da4d2f1-30ce-4034-8650-8c3bcc94238b,SavMon_LW_Plot_16,uuid:4da4d2f1-30ce-4034-8650-8c3bcc94238b,2759,field-team-2,4,4,,,collect:demo-device-02,0,20260515145059
2026-05-26T13:30:32.337Z,,8f2c4e19-bf36-4482-a15b-1464fa64ee6b,Vehicle,3d8e9574-9d4d-4af3-90dd-bd381203f80a 32c9ea24-1a8d-41d6-8f2e-4a94b08ffacc 69eaf9dd-2138-4048-b18d-df95d9cb6411,3d8e9574-9d4d-4af3-90dd-bd381203f80a,Sam,586215d7-a037-471f-9b4c-a866f8066278 858076d3-1f5a-4aad-b9ad-1205828807e0,2026-05-26T15:14:00.606+02:00,2026,586215d7-a037-471f-9b4c-a866f8066278 858076d3-1f5a-4aad-b9ad-1205828807e0,savmon|lw|woody|ho savmon|lw|herbs|ho,Savanna Monitoring Pilot,SAVMON,LW,2026,0,lw_baseline,,d5645424-6bd7-4ccb-8c86-821984f00e5c,SavMon_LW_Plot_11 (primary),SavMon_LW_Plot_11,sb49k86,savanna,primary,yes,,b430f4a0-306d-47a3-84eb-5e661e0ce0eb,Scrub,yes,yes,b3183d9f-0ecd-4f7e-9752-222fdcc3e083,no,,2,open,grey_sand,grasses forbs non-dwarf_shrubs litter soil,no,wildlife_disturbance,,1779801926889.jpg,0.2223891,37.4663654,975.2806105139728,4.65,1779801958279.jpg,1779801963727.jpg,0.2222239,37.4665469,976.532131796201,3.25,1779802009205.jpg,0.2222717,37.4667289,976.1894590245431,2.15,0.2223891 37.4663654 975.2806105139728 4.65; 0.2222239 37.4665469 976.532131796201 3.25; 0.2222717 37.4667289 976.1894590245431 2.15,yes,#c8cbcc,yes,,,,,,,2026-05-26T15:27:19.574+02:00,SavMon_LW_Plot_11 (primary),SavMon_LW_Plot_11,uuid:42e112f0-ff47-4c2d-96e0-5dac739a4ebc,SavMon_LW_Plot_11,uuid:42e112f0-ff47-4c2d-96e0-5dac739a4ebc,2759,field-team-2,4,4,,,collect:demo-device-02,0,20260515145059
2026-05-26T09:20:58.674Z,,8f2c4e19-bf36-4482-a15b-1464fa64ee6b,Vehicle,3d8e9574-9d4d-4af3-90dd-bd381203f80a 32c9ea24-1a8d-41d6-8f2e-4a94b08ffacc 69eaf9dd-2138-4048-b18d-df95d9cb6411,32c9ea24-1a8d-41d6-8f2e-4a94b08ffacc,Grace,586215d7-a037-471f-9b4c-a866f8066278 858076d3-1f5a-4aad-b9ad-1205828807e0,2026-05-26T11:06:08.301+02:00,2026,586215d7-a037-471f-9b4c-a866f8066278 858076d3-1f5a-4aad-b9ad-1205828807e0,savmon|lw|woody|ho savmon|lw|herbs|ho,Savanna Monitoring Pilot,SAVMON,LW,2026,0,lw_baseline,,5fc30b9c-edc3-410d-8eb9-e9eceb8526dc,SavMon_LW_Plot_29 (primary),SavMon_LW_Plot_29,sb49k3q,savanna,primary,yes,,b430f4a0-306d-47a3-84eb-5e661e0ce0eb,Scrub,yes,yes,3db5c233-2c71-437d-9368-b68dd732ff97 4a872db7-9644-48b6-9ad8-0ada70b67051,no,,3,open,white_sand,grasses forbs litter soil,no,wildlife_disturbance human_or_livestock_disturbance,,1779786558991.jpg,0.2267204,37.4604633,953.4714331914276,4.8,1779786630889.jpg,1779786640609.jpg,0.2267015,37.4607366,959.1999999999999,4.9,1779786694970.jpg,0.2265770,37.4610004,958.917364128425,4.2,0.2267204 37.4604633 953.4714331914276 4.8; 0.2267015 37.4607366 959.1999999999999 4.9; 0.2265770 37.4610004 958.917364128425 4.2,yes,#c8cbcc,yes,,,,,,,2026-05-26T11:11:51.931+02:00,SavMon_LW_Plot_29 (primary),SavMon_LW_Plot_29,uuid:aee13ebb-38f8-492b-8810-79006cf3ff49,SavMon_LW_Plot_29,uuid:aee13ebb-38f8-492b-8810-79006cf3ff49,2759,field-team-2,4,4,,,collect:demo-device-02,0,20260515145059
2026-05-26T07:43:11.663Z,,8f2c4e19-bf36-4482-a15b-1464fa64ee6b,Vehicle,3d8e9574-9d4d-4af3-90dd-bd381203f80a 32c9ea24-1a8d-41d6-8f2e-4a94b08ffacc 69eaf9dd-2138-4048-b18d-df95d9cb6411,3d8e9574-9d4d-4af3-90dd-bd381203f80a,Sam,586215d7-a037-471f-9b4c-a866f8066278 858076d3-1f5a-4aad-b9ad-1205828807e0,2026-05-26T09:19:08.278+02:00,2026,586215d7-a037-471f-9b4c-a866f8066278 858076d3-1f5a-4aad-b9ad-1205828807e0,savmon|lw|woody|ho savmon|lw|herbs|ho,Savanna Monitoring Pilot,SAVMON,LW,2026,0,lw_baseline,,da09c7a5-a9ba-49c8-9e74-7d262e6b7eb4,SavMon_LW_Plot_21 (primary),SavMon_LW_Plot_21,sb49k35,savanna,primary,yes,,b430f4a0-306d-47a3-84eb-5e661e0ce0eb,Scrub,yes,yes,041d419f-cf7b-468c-8a42-e1e95b7b2260 b3183d9f-0ecd-4f7e-9752-222fdcc3e083,no,,1,open,beige_sand,forbs non-dwarf_shrubs litter soil,no,wildlife_disturbance,,1779780989953.jpg,0.2255781,37.4566835,990.4943686489233,3.5,1779781029944.jpg,1779781037737.jpg,0.2256014,37.4568475,990.4,4.4,1779781068146.jpg,0.2255237,37.4570827,989.7400238216956,4.4,0.2255781 37.4566835 990.4943686489233 3.5; 0.2256014 37.4568475 990.4 4.4; 0.2255237 37.4570827 989.7400238216956 4.4,yes,#c8cbcc,yes,,,,,,,2026-05-26T09:38:39.548+02:00,SavMon_LW_Plot_21 (primary),SavMon_LW_Plot_21,uuid:4c62be59-ad05-4498-b841-296533a3fdb0,SavMon_LW_Plot_21,uuid:4c62be59-ad05-4498-b841-296533a3fdb0,2759,field-team-2,4,4,,,collect:demo-device-02,0,20260515145059
2026-05-25T17:47:51.612Z,,8f2c4e19-bf36-4482-a15b-1464fa64ee6b,Vehicle,3d8e9574-9d4d-4af3-90dd-bd381203f80a 32c9ea24-1a8d-41d6-8f2e-4a94b08ffacc 69eaf9dd-2138-4048-b18d-df95d9cb6411,3d8e9574-9d4d-4af3-90dd-bd381203f80a,Sam,586215d7-a037-471f-9b4c-a866f8066278 858076d3-1f5a-4aad-b9ad-1205828807e0,2026-05-25T16:31:23.295+02:00,2026,586215d7-a037-471f-9b4c-a866f8066278 858076d3-1f5a-4aad-b9ad-1205828807e0,savmon|lw|woody|ho savmon|lw|herbs|ho,Savanna Monitoring Pilot,SAVMON,LW,2026,0,lw_baseline,,477053f7-b110-411b-abe4-5b6aadf57ab0,SavMon_LW_Plot_18 (primary),SavMon_LW_Plot_18,sb497bw,savanna,primary,yes,,b430f4a0-306d-47a3-84eb-5e661e0ce0eb,Scrub,yes,yes,f98a088b-5368-4b16-ad6d-dc3be99e6097 b3183d9f-0ecd-4f7e-9752-222fdcc3e083,no,,3,open,beige_sand,soil litter forbs grasses,no,wildlife_disturbance,,1779719577958.jpg,0.2226309,37.4389493,995.1999999999999,3.3,1779719619056.jpg,1779719625851.jpg,0.2225301,37.4391505,995.2377442983413,2.65,1779719656397.jpg,0.2224661,37.4393258,995.4,2.45,0.2226309 37.4389493 995.1999999999999 3.3; 0.2225301 37.4391505 995.2377442983413 2.65; 0.2224661 37.4393258 995.4 2.45,yes,#c8cbcc,yes,,,,,,,2026-05-25T16:34:23.588+02:00,SavMon_LW_Plot_18 (primary),SavMon_LW_Plot_18,uuid:516a0163-e228-4ef5-971d-2ad33c7bad59,SavMon_LW_Plot_18,uuid:516a0163-e228-4ef5-971d-2ad33c7bad59,2759,field-team-2,4,4,,,collect:demo-device-02,0,20260515145059
2026-05-25T13:20:06.705Z,,8f2c4e19-bf36-4482-a15b-1464fa64ee6b,Vehicle,3d8e9574-9d4d-4af3-90dd-bd381203f80a 32c9ea24-1a8d-41d6-8f2e-4a94b08ffacc 69eaf9dd-2138-4048-b18d-df95d9cb6411,3d8e9574-9d4d-4af3-90dd-bd381203f80a,Sam,586215d7-a037-471f-9b4c-a866f8066278 858076d3-1f5a-4aad-b9ad-1205828807e0,2026-05-25T15:13:24.505+02:00,2026,586215d7-a037-471f-9b4c-a866f8066278 858076d3-1f5a-4aad-b9ad-1205828807e0,savmon|lw|woody|ho savmon|lw|herbs|ho,Savanna Monitoring Pilot,SAVMON,LW,2026,0,lw_baseline,,9c3b305a-542d-4b5c-ad4d-fd1ca26cf5a4,SavMon_LW_Plot_25 (primary),SavMon_LW_Plot_25,sb495zu,savanna,primary,yes,,b430f4a0-306d-47a3-84eb-5e661e0ce0eb,Scrub,yes,yes,b3183d9f-0ecd-4f7e-9752-222fdcc3e083 f98a088b-5368-4b16-ad6d-dc3be99e6097,no,,2,open,beige_sand,grasses soil litter forbs,no,wildlife_disturbance,,1779714978437.jpg,0.2190527,37.4370378,987.227270792096,4.4,1779715016274.jpg,1779715024344.jpg,0.2190427,37.4372432,992.2272967759079,2.85,1779715062247.jpg,0.2190106,37.4374202,987.50534600141,4.1,0.2190527 37.4370378 987.227270792096 4.4; 0.2190427 37.4372432 992.2272967759079 2.85; 0.2190106 37.4374202 987.50534600141 4.1,yes,#c8cbcc,yes,,,,,,,2026-05-25T15:18:27.884+02:00,SavMon_LW_Plot_25 (primary),SavMon_LW_Plot_25,uuid:390db35c-e1f2-4115-9a2c-92a9677afdd6,SavMon_LW_Plot_25,uuid:390db35c-e1f2-4115-9a2c-92a9677afdd6,2759,field-team-2,4,4,,,collect:demo-device-02,0,20260515145059
2026-05-24T14:51:11.356Z,,8f2c4e19-bf36-4482-a15b-1464fa64ee6b,Vehicle,3d8e9574-9d4d-4af3-90dd-bd381203f80a 32c9ea24-1a8d-41d6-8f2e-4a94b08ffacc 69eaf9dd-2138-4048-b18d-df95d9cb6411,32c9ea24-1a8d-41d6-8f2e-4a94b08ffacc,Grace,586215d7-a037-471f-9b4c-a866f8066278 858076d3-1f5a-4aad-b9ad-1205828807e0,2026-05-24T16:46:42.072+02:00,2026,586215d7-a037-471f-9b4c-a866f8066278 858076d3-1f5a-4aad-b9ad-1205828807e0,savmon|lw|woody|ho savmon|lw|herbs|ho,Savanna Monitoring Pilot,SAVMON,LW,2026,0,lw_baseline,,eab2feb8-72b1-491f-9223-ad5285d2d6db,SavMon_LW_Plot_04 (primary),SavMon_LW_Plot_04,sb497c5,savanna,primary,yes,,80886134-e51d-499a-a0ec-0231d5e3fcc7,Forest,yes,yes,041d419f-cf7b-468c-8a42-e1e95b7b2260,no,,10,open,grey_sand,grasses forbs soil standing_npv non-dwarf_shrubs,no,wildlife_disturbance,,1779634120397.jpg,0.2256274,37.4356901,979.7333983760284,2.2,1779634192158.jpg,1779634201579.jpg,0.2255211,37.4359000,979.3550105098234,2.4,1779634241144.jpg,0.2254666,37.4361431,979.4491726518119,4.7,0.2256274 37.4356901 979.7333983760284 2.2; 0.2255211 37.4359000 979.3550105098234 2.4; 0.2254666 37.4361431 979.4491726518119 4.7,yes,#c8cbcc,yes,,,,,,,2026-05-24T16:50:51.287+02:00,SavMon_LW_Plot_04 (primary),SavMon_LW_Plot_04,uuid:9189ca4f-4f34-40c5-ac4a-2915db37b2b9,SavMon_LW_Plot_04,uuid:9189ca4f-4f34-40c5-ac4a-2915db37b2b9,2759,field-team-2,4,4,,,collect:demo-device-02,0,20260515145059
2026-05-24T13:27:22.010Z,,8f2c4e19-bf36-4482-a15b-1464fa64ee6b,Vehicle,3d8e9574-9d4d-4af3-90dd-bd381203f80a 32c9ea24-1a8d-41d6-8f2e-4a94b08ffacc 69eaf9dd-2138-4048-b18d-df95d9cb6411,32c9ea24-1a8d-41d6-8f2e-4a94b08ffacc,Grace,586215d7-a037-471f-9b4c-a866f8066278 858076d3-1f5a-4aad-b9ad-1205828807e0,2026-05-24T15:03:03.424+02:00,2026,586215d7-a037-471f-9b4c-a866f8066278 858076d3-1f5a-4aad-b9ad-1205828807e0,savmon|lw|woody|ho savmon|lw|herbs|ho,Savanna Monitoring Pilot,SAVMON,LW,2026,0,lw_baseline,,a9736eb5-344d-4615-8f2e-e73f38e4e124,SavMon_LW_Plot_07 (primary),SavMon_LW_Plot_07,sb497dp,savanna,primary,yes,,b430f4a0-306d-47a3-84eb-5e661e0ce0eb,Scrub,yes,yes,041d419f-cf7b-468c-8a42-e1e95b7b2260,no,,4,open,beige_sand,grasses forbs standing_npv soil,no,wildlife_disturbance,,1779628923235.jpg,0.2315464,37.4291504,988.6093222075559,2.7,1779628990723.jpg,1779629006355.jpg,0.2316290,37.4294428,987.2151403714319,2.7,1779629078384.jpg,0.2315847,37.4296194,986.5523058459,4.2,0.2315464 37.4291504 988.6093222075559 2.7; 0.2316290 37.4294428 987.2151403714319 2.7; 0.2315847 37.4296194 986.5523058459 4.2,yes,#c8cbcc,yes,,,,,,,2026-05-24T15:24:48.392+02:00,SavMon_LW_Plot_07 (primary),SavMon_LW_Plot_07,uuid:290bbab8-cfb1-4169-8ff6-0722f274272c,SavMon_LW_Plot_07,uuid:290bbab8-cfb1-4169-8ff6-0722f274272c,2759,field-team-2,4,4,,,collect:demo-device-02,0,20260515145059
2026-05-24T11:57:14.457Z,,8f2c4e19-bf36-4482-a15b-1464fa64ee6b,Vehicle,3d8e9574-9d4d-4af3-90dd-bd381203f80a 32c9ea24-1a8d-41d6-8f2e-4a94b08ffacc 69eaf9dd-2138-4048-b18d-df95d9cb6411,3d8e9574-9d4d-4af3-90dd-bd381203f80a,Sam,586215d7-a037-471f-9b4c-a866f8066278 858076d3-1f5a-4aad-b9ad-1205828807e0,2026-05-24T13:06:26.869+02:00,2026,586215d7-a037-471f-9b4c-a866f8066278 858076d3-1f5a-4aad-b9ad-1205828807e0,savmon|lw|woody|ho savmon|lw|herbs|ho,Savanna Monitoring Pilot,SAVMON,LW,2026,0,lw_baseline,,d20f4c50-e5e8-46d7-9b55-2228ff5f92fb,SavMon_LW_Plot_15 (primary),SavMon_LW_Plot_15,sb497du,savanna,primary,yes,,b430f4a0-306d-47a3-84eb-5e661e0ce0eb,Scrub,yes,yes,4a872db7-9644-48b6-9ad8-0ada70b67051,no,,3,open,beige_sand,soil litter forbs grasses,no,wildlife_disturbance human_or_livestock_disturbance,,1779623545080.jpg,0.2347411,37.4258433,974.5802879995937,4.0,1779623596558.jpg,1779623605418.jpg,0.2348451,37.4262480,983.6999999999999,4.0,1779623635923.jpg,0.2346862,37.4263836,980.1999999999999,2.45,0.2347411 37.4258433 974.5802879995937 4.0; 0.2348451 37.4262480 983.6999999999999 4.0; 0.2346862 37.4263836 980.1999999999999 2.45,yes,#c8cbcc,yes,,,,,,,2026-05-24T13:54:06.020+02:00,SavMon_LW_Plot_15 (primary),SavMon_LW_Plot_15,uuid:f3c53f47-2650-4ecc-b654-a2b481d0290b,SavMon_LW_Plot_15,uuid:f3c53f47-2650-4ecc-b654-a2b481d0290b,2759,field-team-2,4,4,,,collect:demo-device-02,0,20260515145059
2026-05-24T10:05:07.758Z,,8f2c4e19-bf36-4482-a15b-1464fa64ee6b,Vehicle,3d8e9574-9d4d-4af3-90dd-bd381203f80a 32c9ea24-1a8d-41d6-8f2e-4a94b08ffacc 69eaf9dd-2138-4048-b18d-df95d9cb6411,3d8e9574-9d4d-4af3-90dd-bd381203f80a,Sam,586215d7-a037-471f-9b4c-a866f8066278 858076d3-1f5a-4aad-b9ad-1205828807e0,2026-05-24T11:47:04.781+02:00,2026,586215d7-a037-471f-9b4c-a866f8066278 858076d3-1f5a-4aad-b9ad-1205828807e0,savmon|lw|woody|ho savmon|lw|herbs|ho,Savanna Monitoring Pilot,SAVMON,LW,2026,0,lw_baseline,,fd58af75-587c-4635-a7ca-1fd24ee00b2f,SavMon_LW_Plot_20 (primary),SavMon_LW_Plot_20,sb497dd,savanna,primary,yes,,b430f4a0-306d-47a3-84eb-5e661e0ce0eb,Scrub,yes,yes,f98a088b-5368-4b16-ad6d-dc3be99e6097,no,,2,open,grey_sand,grasses forbs standing_npv soil non-dwarf_shrubs,no,none,,1779616801438.jpg,0.2349019,37.4228681,980.5,3.1,1779616858519.jpg,1779616868513.jpg,0.2348023,37.4230384,980.68901887288,3.1,1779616923546.jpg,0.2347975,37.4232599,980.1884467313748,5.0,0.2349019 37.4228681 980.5 3.1; 0.2348023 37.4230384 980.68901887288 3.1; 0.2347975 37.4232599 980.1884467313748 5.0,yes,#c8cbcc,yes,,,,,,,2026-05-24T12:03:24.425+02:00,SavMon_LW_Plot_20 (primary),SavMon_LW_Plot_20,uuid:e05e784d-5627-47e1-9791-479ff2498cf0,SavMon_LW_Plot_20,uuid:e05e784d-5627-47e1-9791-479ff2498cf0,2759,field-team-2,4,4,,,collect:demo-device-02,0,20260515145059
2026-05-24T09:03:19.353Z,,8f2c4e19-bf36-4482-a15b-1464fa64ee6b,Vehicle,3d8e9574-9d4d-4af3-90dd-bd381203f80a 32c9ea24-1a8d-41d6-8f2e-4a94b08ffacc 69eaf9dd-2138-4048-b18d-df95d9cb6411,32c9ea24-1a8d-41d6-8f2e-4a94b08ffacc,Grace,586215d7-a037-471f-9b4c-a866f8066278 858076d3-1f5a-4aad-b9ad-1205828807e0,2026-05-24T10:56:24.472+02:00,2026,586215d7-a037-471f-9b4c-a866f8066278 858076d3-1f5a-4aad-b9ad-1205828807e0,savmon|lw|woody|ho savmon|lw|herbs|ho,Savanna Monitoring Pilot,SAVMON,LW,2026,0,lw_baseline,,b3abd35a-ee0e-4149-86b8-c0d41dc545b8,SavMon_LW_Plot_24 (primary),SavMon_LW_Plot_24,sb49763,savanna,primary,yes,,b430f4a0-306d-47a3-84eb-5e661e0ce0eb,Scrub,yes,yes,f98a088b-5368-4b16-ad6d-dc3be99e6097,no,,3,open,grey_sand,grasses forbs standing_npv non-dwarf_shrubs soil,no,none,,1779613203545.jpg,0.2333662,37.4107934,1028.1550018709595,3.15,1779613260058.jpg,1779613274074.jpg,0.2334100,37.4110213,993.9,3.15,1779613330897.jpg,0.2333418,37.4112480,998.4055481143196,3.0,0.2333662 37.4107934 1028.1550018709595 3.15; 0.2334100 37.4110213 993.9 3.15; 0.2333418 37.4112480 998.4055481143196 3.0,yes,#c8cbcc,yes,,,,,,,2026-05-24T11:02:28.110+02:00,SavMon_LW_Plot_24 (primary),SavMon_LW_Plot_24,uuid:0924e3b4-c409-4cb4-92b3-c2ccf485f115,SavMon_LW_Plot_24,uuid:0924e3b4-c409-4cb4-92b3-c2ccf485f115,2759,field-team-2,4,4,,,collect:demo-device-02,0,20260515145059
2026-05-24T07:00:49.244Z,,8f2c4e19-bf36-4482-a15b-1464fa64ee6b,Vehicle,3d8e9574-9d4d-4af3-90dd-bd381203f80a 32c9ea24-1a8d-41d6-8f2e-4a94b08ffacc 69eaf9dd-2138-4048-b18d-df95d9cb6411,32c9ea24-1a8d-41d6-8f2e-4a94b08ffacc,Grace,586215d7-a037-471f-9b4c-a866f8066278 858076d3-1f5a-4aad-b9ad-1205828807e0,2026-05-24T08:53:42.879+02:00,2026,586215d7-a037-471f-9b4c-a866f8066278 858076d3-1f5a-4aad-b9ad-1205828807e0,savmon|lw|woody|ho savmon|lw|herbs|ho,Savanna Monitoring Pilot,SAVMON,LW,2026,0,lw_baseline,,449006e8-3cda-4659-b7db-b892d3aa0320,SavMon_LW_Plot_02 (primary),SavMon_LW_Plot_02,sb4974w,savanna,primary,yes,,b430f4a0-306d-47a3-84eb-5e661e0ce0eb,Scrub,yes,yes,f98a088b-5368-4b16-ad6d-dc3be99e6097 c71af247-e4ce-409e-9330-8cb0395ff046,no,,2,open,grey_sand,grasses forbs standing_npv soil,no,none,,1779605806505.jpg,0.2341719,37.4062615,994.9726039825396,2.4,1779605863202.jpg,1779605875152.jpg,0.2339957,37.4064279,988.9,4.933,1779605938982.jpg,0.2340657,37.4067340,986.5115905009626,2.4,0.2341719 37.4062615 994.9726039825396 2.4; 0.2339957 37.4064279 988.9 4.933; 0.2340657 37.4067340 986.5115905009626 2.4,yes,#c8cbcc,yes,,,,,,,2026-05-24T08:59:10.337+02:00,SavMon_LW_Plot_02 (primary),SavMon_LW_Plot_02,uuid:b9955180-d4c9-416e-8432-c6ac3da7c57d,SavMon_LW_Plot_02,uuid:b9955180-d4c9-416e-8432-c6ac3da7c57d,2759,field-team-2,4,4,,,collect:demo-device-02,0,20260515145059
2026-05-23T13:36:03.409Z,,8f2c4e19-bf36-4482-a15b-1464fa64ee6b,Vehicle,3d8e9574-9d4d-4af3-90dd-bd381203f80a 32c9ea24-1a8d-41d6-8f2e-4a94b08ffacc 69eaf9dd-2138-4048-b18d-df95d9cb6411,3d8e9574-9d4d-4af3-90dd-bd381203f80a,Sam,586215d7-a037-471f-9b4c-a866f8066278 858076d3-1f5a-4aad-b9ad-1205828807e0,2026-05-23T15:18:10.967+02:00,2026,586215d7-a037-471f-9b4c-a866f8066278 858076d3-1f5a-4aad-b9ad-1205828807e0,savmon|lw|woody|ho savmon|lw|herbs|ho,Savanna Monitoring Pilot,SAVMON,LW,2026,0,lw_baseline,,199afebb-92ab-4fa5-bda0-b3ff4d3f6c4c,SavMon_LW_Plot_28 (primary),SavMon_LW_Plot_28,sb4974s,savanna,primary,yes,,b430f4a0-306d-47a3-84eb-5e661e0ce0eb,Scrub,yes,yes,f98a088b-5368-4b16-ad6d-dc3be99e6097 4b214a16-b074-4145-b37f-d5305c0a3399,no,,3,closed,beige_sand,grasses forbs non-dwarf_shrubs soil,no,wildlife_disturbance human_or_livestock_disturbance,,1779543016035.jpg,0.2342437,37.4031872,989.6999999999999,3.8,1779543067826.jpg,1779543084749.jpg,0.2341920,37.4033147,990.0787129571096,3.0,1779543142881.jpg,0.2340745,37.4035069,989.8896434877743,4.66,0.2342437 37.4031872 989.6999999999999 3.8; 0.2341920 37.4033147 990.0787129571096 3.0; 0.2340745 37.4035069 989.8896434877743 4.66,yes,#c8cbcc,yes,,,,,,,2026-05-23T15:32:37.639+02:00,SavMon_LW_Plot_28 (primary),SavMon_LW_Plot_28,uuid:e1b3fdd6-c3f0-4bb1-9b7e-0e147b77d880,SavMon_LW_Plot_28,uuid:e1b3fdd6-c3f0-4bb1-9b7e-0e147b77d880,2759,field-team-2,4,4,,,collect:demo-device-02,0,20260515145059
2026-05-23T12:02:26.113Z,,8f2c4e19-bf36-4482-a15b-1464fa64ee6b,Vehicle,3d8e9574-9d4d-4af3-90dd-bd381203f80a 32c9ea24-1a8d-41d6-8f2e-4a94b08ffacc 69eaf9dd-2138-4048-b18d-df95d9cb6411,32c9ea24-1a8d-41d6-8f2e-4a94b08ffacc,Grace,586215d7-a037-471f-9b4c-a866f8066278 858076d3-1f5a-4aad-b9ad-1205828807e0,2026-05-23T13:43:39.779+02:00,2026,586215d7-a037-471f-9b4c-a866f8066278 858076d3-1f5a-4aad-b9ad-1205828807e0,savmon|lw|woody|ho savmon|lw|herbs|ho,Savanna Monitoring Pilot,SAVMON,LW,2026,0,lw_baseline,,1de06e5f-ffea-4859-a9ea-d8892e47a9bf,SavMon_LW_Plot_01 (primary),SavMon_LW_Plot_01,sb49744,savanna,primary,yes,,b430f4a0-306d-47a3-84eb-5e661e0ce0eb,Scrub,yes,yes,f98a088b-5368-4b16-ad6d-dc3be99e6097,no,,3,open,beige_sand,grasses forbs standing_npv soil,no,none,,1779536886404.jpg,0.2315323,37.4000094,986.6999999999999,3.3,1779536971663.jpg,1779536980788.jpg,0.2313570,37.4002465,980.1,4.88,1779537625475.jpg,0.2311615,37.4004407,986.9301418984398,3.2,0.2315323 37.4000094 986.6999999999999 3.3; 0.2313570 37.4002465 980.1 4.88; 0.2311615 37.4004407 986.9301418984398 3.2,yes,#c8cbcc,yes,,,,,,,2026-05-23T14:00:44.019+02:00,SavMon_LW_Plot_01 (primary),SavMon_LW_Plot_01,uuid:207c4824-1814-4af9-a53b-a33a7fd6ace4,SavMon_LW_Plot_01,uuid:207c4824-1814-4af9-a53b-a33a7fd6ace4,2759,field-team-2,4,4,,,collect:demo-device-02,0,20260515145059
2026-05-23T09:40:33.574Z,,8f2c4e19-bf36-4482-a15b-1464fa64ee6b,Vehicle,3d8e9574-9d4d-4af3-90dd-bd381203f80a 32c9ea24-1a8d-41d6-8f2e-4a94b08ffacc 69eaf9dd-2138-4048-b18d-df95d9cb6411,3d8e9574-9d4d-4af3-90dd-bd381203f80a,Sam,586215d7-a037-471f-9b4c-a866f8066278 858076d3-1f5a-4aad-b9ad-1205828807e0,2026-05-23T11:33:23.854+02:00,2026,586215d7-a037-471f-9b4c-a866f8066278 858076d3-1f5a-4aad-b9ad-1205828807e0,savmon|lw|woody|ho savmon|lw|herbs|ho,Savanna Monitoring Pilot,SAVMON,LW,2026,0,lw_baseline,,8ec46daa-1087-4d15-b103-f34f36089718,SavMon_LW_Plot_13 (primary),SavMon_LW_Plot_13,sb496fx,savanna,primary,yes,,b430f4a0-306d-47a3-84eb-5e661e0ce0eb,Scrub,yes,yes,041d419f-cf7b-468c-8a42-e1e95b7b2260,no,,2,closed,white_sand,grasses forbs soil,no,wildlife_disturbance,,1779528931213.jpg,0.2340935,37.3965471,999.5,4.833,1779528997671.jpg,1779529003852.jpg,0.2342553,37.3968651,996.3885502360017,3.6,1779529068551.jpg,0.2341948,37.3970411,985.0,4.3,0.2340935 37.3965471 999.5 4.833; 0.2342553 37.3968651 996.3885502360017 3.6; 0.2341948 37.3970411 985.0 4.3,yes,#c8cbcc,yes,0.2341715,37.3970472,983.8060126683853,3.9,,,2026-05-23T11:38:18.609+02:00,SavMon_LW_Plot_13 (primary),SavMon_LW_Plot_13,uuid:62cfa820-952b-4616-b055-75241818c153,SavMon_LW_Plot_13,uuid:62cfa820-952b-4616-b055-75241818c153,2759,field-team-2,4,4,,,collect:demo-device-02,0,20260515145059
2026-05-23T08:32:05.190Z,,8f2c4e19-bf36-4482-a15b-1464fa64ee6b,Vehicle,3d8e9574-9d4d-4af3-90dd-bd381203f80a 32c9ea24-1a8d-41d6-8f2e-4a94b08ffacc 69eaf9dd-2138-4048-b18d-df95d9cb6411,32c9ea24-1a8d-41d6-8f2e-4a94b08ffacc,Grace,586215d7-a037-471f-9b4c-a866f8066278 858076d3-1f5a-4aad-b9ad-1205828807e0,2026-05-23T10:25:50.246+02:00,2026,586215d7-a037-471f-9b4c-a866f8066278 858076d3-1f5a-4aad-b9ad-1205828807e0,savmon|lw|woody|ho savmon|lw|herbs|ho,Savanna Monitoring Pilot,SAVMON,LW,2026,0,lw_baseline,,1d979a81-a11a-43de-85de-7367754879ba,SavMon_LW_Plot_17 (primary),SavMon_LW_Plot_17,sb496dm,savanna,primary,yes,,b430f4a0-306d-47a3-84eb-5e661e0ce0eb,Scrub,yes,yes,041d419f-cf7b-468c-8a42-e1e95b7b2260,no,,4,open,grey_sand,grasses forbs soil non-dwarf_shrubs,no,wildlife_disturbance,,1779524938518.jpg,0.2324850,37.3826638,989.4945109943748,3.4,1779525002142.jpg,1779525017558.jpg,0.2325834,37.3828088,990.4103392171003,3.4,1779525065313.jpg,0.2325479,37.3831058,990.4884467313748,4.3,0.2324850 37.3826638 989.4945109943748 3.4; 0.2325834 37.3828088 990.4103392171003 3.4; 0.2325479 37.3831058 990.4884467313748 4.3,yes,#c8cbcc,yes,0.2325690,37.3831239,990.4884467313748,3.3,,,2026-05-23T10:31:16.322+02:00,SavMon_LW_Plot_17 (primary),SavMon_LW_Plot_17,uuid:004235cf-306d-47e1-8359-de5504ee0505,SavMon_LW_Plot_17,uuid:004235cf-306d-47e1-8359-de5504ee0505,2759,field-team-2,4,4,,,collect:demo-device-02,0,20260515145059
2026-05-23T06:35:59.506Z,,8f2c4e19-bf36-4482-a15b-1464fa64ee6b,Vehicle,3d8e9574-9d4d-4af3-90dd-bd381203f80a 32c9ea24-1a8d-41d6-8f2e-4a94b08ffacc 69eaf9dd-2138-4048-b18d-df95d9cb6411,3d8e9574-9d4d-4af3-90dd-bd381203f80a,Sam,586215d7-a037-471f-9b4c-a866f8066278 858076d3-1f5a-4aad-b9ad-1205828807e0,2026-05-23T08:18:04.662+02:00,2026,586215d7-a037-471f-9b4c-a866f8066278 858076d3-1f5a-4aad-b9ad-1205828807e0,savmon|lw|woody|ho savmon|lw|herbs|ho,Savanna Monitoring Pilot,SAVMON,LW,2026,0,lw_baseline,,6af30a65-e02d-41ca-ad67-c426c219db54,SavMon_LW_Plot_06 (primary),SavMon_LW_Plot_06,sb49665,savanna,primary,yes,,b430f4a0-306d-47a3-84eb-5e661e0ce0eb,Scrub,yes,yes,f98a088b-5368-4b16-ad6d-dc3be99e6097,no,,3,closed,grey_sand,grasses forbs litter non-dwarf_shrubs,no,none,,1779517931034.jpg,0.2317032,37.3693426,996.6277257776434,2.8,1779518013149.jpg,1779518021795.jpg,0.2316303,37.3695558,991.9836855938614,2.2,1779518093617.jpg,0.2315821,37.3697609,992.7613709780101,3.6,0.2317032 37.3693426 996.6277257776434 2.8; 0.2316303 37.3695558 991.9836855938614 2.2; 0.2315821 37.3697609 992.7613709780101 3.6,yes,#c8cbcc,yes,0.2315724,37.3697522,992.66137097801,3.1,,,2026-05-23T08:35:04.617+02:00,SavMon_LW_Plot_06 (primary),SavMon_LW_Plot_06,uuid:a03acbed-02cf-4013-b18b-ff08ae1d39f6,SavMon_LW_Plot_06,uuid:a03acbed-02cf-4013-b18b-ff08ae1d39f6,2759,field-team-2,4,4,,,collect:demo-device-02,0,20260515145059
2026-05-22T14:39:45.358Z,,8f2c4e19-bf36-4482-a15b-1464fa64ee6b,Vehicle,3d8e9574-9d4d-4af3-90dd-bd381203f80a 32c9ea24-1a8d-41d6-8f2e-4a94b08ffacc 69eaf9dd-2138-4048-b18d-df95d9cb6411,3d8e9574-9d4d-4af3-90dd-bd381203f80a,Sam,586215d7-a037-471f-9b4c-a866f8066278 858076d3-1f5a-4aad-b9ad-1205828807e0,2026-05-22T16:32:12.187+02:00,2026,586215d7-a037-471f-9b4c-a866f8066278 858076d3-1f5a-4aad-b9ad-1205828807e0,savmon|lw|woody|ho savmon|lw|herbs|ho,Savanna Monitoring Pilot,SAVMON,LW,2026,0,lw_baseline,,9b4a3681-b610-42f8-abbe-a5fb4da4892a,SavMon_LW_Plot_46 (backup),SavMon_LW_Plot_46,sb49t30,savanna,backup,yes,,b430f4a0-306d-47a3-84eb-5e661e0ce0eb,Scrub,yes,yes,b3183d9f-0ecd-4f7e-9752-222fdcc3e083,no,,1,open,white_sand,forbs non-dwarf_shrubs soil,no,human_or_livestock_disturbance,,1779460663914.jpg,0.2693565,37.4965356,963.0999999999999,4.166,1779460701577.jpg,1779460709250.jpg,0.2693110,37.4967388,962.531916803011,3.15,1779460743056.jpg,0.2692712,37.4969466,962.4371436046825,4.45,0.2693565 37.4965356 963.0999999999999 4.166; 0.2693110 37.4967388 962.531916803011 3.15; 0.2692712 37.4969466 962.4371436046825 4.45,yes,#c8cbcc,yes,,,,,,,2026-05-22T16:39:13.582+02:00,SavMon_LW_Plot_46 (backup),SavMon_LW_Plot_46,uuid:40a57238-1d35-47c7-a24d-ac2850b81dd7,SavMon_LW_Plot_46,uuid:40a57238-1d35-47c7-a24d-ac2850b81dd7,2759,field-team-2,4,4,,,collect:demo-device-02,0,20260515145059
2026-05-22T13:12:50.993Z,,8f2c4e19-bf36-4482-a15b-1464fa64ee6b,Vehicle,3d8e9574-9d4d-4af3-90dd-bd381203f80a 32c9ea24-1a8d-41d6-8f2e-4a94b08ffacc 69eaf9dd-2138-4048-b18d-df95d9cb6411,3d8e9574-9d4d-4af3-90dd-bd381203f80a,Sam,586215d7-a037-471f-9b4c-a866f8066278 858076d3-1f5a-4aad-b9ad-1205828807e0,2026-05-22T14:59:15.413+02:00,2026,586215d7-a037-471f-9b4c-a866f8066278 858076d3-1f5a-4aad-b9ad-1205828807e0,savmon|lw|woody|ho savmon|lw|herbs|ho,Savanna Monitoring Pilot,SAVMON,LW,2026,0,lw_baseline,,660f5446-1622-40f1-b3b0-0d2dcf623530,SavMon_LW_Plot_19 (primary),SavMon_LW_Plot_19,sb49jpy,savanna,primary,yes,,b430f4a0-306d-47a3-84eb-5e661e0ce0eb,Scrub,yes,yes,b3183d9f-0ecd-4f7e-9752-222fdcc3e083 041d419f-cf7b-468c-8a42-e1e95b7b2260,no,,2,open,beige_sand,forbs grasses non-dwarf_shrubs litter soil,no,wildlife_disturbance human_or_livestock_disturbance,,1779455012657.jpg,0.2191195,37.4938742,995.4571590467103,3.2,1779455055827.jpg,1779455064076.jpg,0.2192015,37.4939803,995.6999999999999,3.0,1779455118262.jpg,0.2192211,37.4940507,992.6,4.733,0.2191195 37.4938742 995.4571590467103 3.2; 0.2192015 37.4939803 995.6999999999999 3.0; 0.2192211 37.4940507 992.6 4.733,yes,#c8cbcc,yes,0.2192247,37.4940861,993.3895912789064,4.325,,,2026-05-22T15:05:30.019+02:00,SavMon_LW_Plot_19 (primary),SavMon_LW_Plot_19,uuid:227569c5-ddf0-45b4-831e-f69cdc5d7020,SavMon_LW_Plot_19,uuid:227569c5-ddf0-45b4-831e-f69cdc5d7020,2759,field-team-2,4,4,,,collect:demo-device-02,0,20260515145059
2026-05-22T11:40:53.675Z,,8f2c4e19-bf36-4482-a15b-1464fa64ee6b,Vehicle,3d8e9574-9d4d-4af3-90dd-bd381203f80a 32c9ea24-1a8d-41d6-8f2e-4a94b08ffacc 69eaf9dd-2138-4048-b18d-df95d9cb6411,3d8e9574-9d4d-4af3-90dd-bd381203f80a,Sam,586215d7-a037-471f-9b4c-a866f8066278 858076d3-1f5a-4aad-b9ad-1205828807e0,2026-05-22T13:35:58.113+02:00,2026,586215d7-a037-471f-9b4c-a866f8066278 858076d3-1f5a-4aad-b9ad-1205828807e0,savmon|lw|woody|ho savmon|lw|herbs|ho,Savanna Monitoring Pilot,SAVMON,LW,2026,0,lw_baseline,,b58271e9-c6d1-44f9-9286-0245b2e30a69,SavMon_LW_Plot_27 (primary),SavMon_LW_Plot_27,sb49jps,savanna,primary,yes,,b430f4a0-306d-47a3-84eb-5e661e0ce0eb,Scrub,yes,yes,041d419f-cf7b-468c-8a42-e1e95b7b2260,no,,4,closed,beige_sand,forbs soil,no,wildlife_disturbance human_or_livestock_disturbance,,1779449903642.jpg,0.2174675,37.4911897,1025.1,4.15,1779449941908.jpg,1779449953080.jpg,0.2176415,37.4913878,1020.1625427398855,3.2,1779449989965.jpg,0.2176097,37.4914037,1019.4,3.4,0.2174675 37.4911897 1025.1 4.15; 0.2176415 37.4913878 1020.1625427398855 3.2; 0.2176097 37.4914037 1019.4 3.4,yes,#c8cbcc,yes,0.2176316,37.4914542,1019.4,3.15,,,2026-05-22T13:40:10.436+02:00,SavMon_LW_Plot_27 (primary),SavMon_LW_Plot_27,uuid:f050e5b6-fc2c-47d6-a2ab-97e7558f7e3d,SavMon_LW_Plot_27,uuid:f050e5b6-fc2c-47d6-a2ab-97e7558f7e3d,2759,field-team-2,4,4,,,collect:demo-device-02,0,20260515145059
2026-05-22T09:00:54.238Z,,8f2c4e19-bf36-4482-a15b-1464fa64ee6b,Vehicle,3d8e9574-9d4d-4af3-90dd-bd381203f80a 32c9ea24-1a8d-41d6-8f2e-4a94b08ffacc 69eaf9dd-2138-4048-b18d-df95d9cb6411,3d8e9574-9d4d-4af3-90dd-bd381203f80a,Sam,586215d7-a037-471f-9b4c-a866f8066278 858076d3-1f5a-4aad-b9ad-1205828807e0,2026-05-22T10:30:41.095+02:00,2026,586215d7-a037-471f-9b4c-a866f8066278 858076d3-1f5a-4aad-b9ad-1205828807e0,savmon|lw|woody|ho savmon|lw|herbs|ho,Savanna Monitoring Pilot,SAVMON,LW,2026,0,lw_baseline,,fb648edf-3606-4436-8f7d-9e8083e47744,SavMon_LW_Plot_26 (primary),SavMon_LW_Plot_26,sb49jpd,savanna,primary,yes,,b430f4a0-306d-47a3-84eb-5e661e0ce0eb,Scrub,yes,yes,041d419f-cf7b-468c-8a42-e1e95b7b2260,no,,3,closed,grey_sand,soil litter non-dwarf_shrubs forbs,no,wildlife_disturbance,,1779440067172.jpg,0.2176529,37.4880496,966.6,4.1,1779440125575.jpg,1779440131712.jpg,0.2176050,37.4882202,970.4663870721746,3.35,1779440296792.jpg,0.2174781,37.4884683,976.0,4.3,0.2176529 37.4880496 966.6 4.1; 0.2176050 37.4882202 970.4663870721746 3.35; 0.2174781 37.4884683 976.0 4.3,yes,#c8cbcc,yes,0.2174917,37.4884480,974.1,3.68,,,2026-05-22T10:58:28.069+02:00,SavMon_LW_Plot_26 (primary),SavMon_LW_Plot_26,uuid:ac198024-a47f-4346-aa38-89a08f931e71,SavMon_LW_Plot_26,uuid:ac198024-a47f-4346-aa38-89a08f931e71,2759,field-team-2,4,4,,,collect:demo-device-02,0,20260515145059
2026-05-22T08:30:47.365Z,,8f2c4e19-bf36-4482-a15b-1464fa64ee6b,Vehicle,3d8e9574-9d4d-4af3-90dd-bd381203f80a 32c9ea24-1a8d-41d6-8f2e-4a94b08ffacc 69eaf9dd-2138-4048-b18d-df95d9cb6411,3d8e9574-9d4d-4af3-90dd-bd381203f80a,Sam,586215d7-a037-471f-9b4c-a866f8066278 858076d3-1f5a-4aad-b9ad-1205828807e0,2026-05-22T10:17:02.404+02:00,2026,586215d7-a037-471f-9b4c-a866f8066278 858076d3-1f5a-4aad-b9ad-1205828807e0,savmon|lw|woody|ho savmon|lw|herbs|ho,Savanna Monitoring Pilot,SAVMON,LW,2026,0,lw_baseline,,b4bc7234-ca9b-4aeb-81ea-4fc30142306d,SavMon_LW_Plot_23 (primary),SavMon_LW_Plot_23,sb49kgq,savanna,primary,no,On private property,,,,,,,,,,,,,,,,,,,,,,,,,,,,,,,,yes,#c8cbcc,yes,0.2388128,37.4840154,981.4562481320005,5.8,,,2026-05-22T10:30:32.262+02:00,SavMon_LW_Plot_23 (primary),SavMon_LW_Plot_23,uuid:f600fa99-f976-424f-bf6d-9b6557165cfd,SavMon_LW_Plot_23,uuid:f600fa99-f976-424f-bf6d-9b6557165cfd,2759,field-team-2,0,0,,,collect:demo-device-02,0,20260515145059
2026-05-22T06:24:58.684Z,,8f2c4e19-bf36-4482-a15b-1464fa64ee6b,Vehicle,3d8e9574-9d4d-4af3-90dd-bd381203f80a 32c9ea24-1a8d-41d6-8f2e-4a94b08ffacc 69eaf9dd-2138-4048-b18d-df95d9cb6411,3d8e9574-9d4d-4af3-90dd-bd381203f80a,Sam,586215d7-a037-471f-9b4c-a866f8066278 858076d3-1f5a-4aad-b9ad-1205828807e0,2026-05-22T08:18:52.946+02:00,2026,586215d7-a037-471f-9b4c-a866f8066278 858076d3-1f5a-4aad-b9ad-1205828807e0,savmon|lw|woody|ho savmon|lw|herbs|ho,Savanna Monitoring Pilot,SAVMON,LW,2026,0,lw_baseline,,68a92b1d-cd91-42f8-a4ac-582d2b2d3e30,SavMon_LW_Plot_05 (primary),SavMon_LW_Plot_05,sb49t1d,savanna,primary,yes,,b430f4a0-306d-47a3-84eb-5e661e0ce0eb,Scrub,yes,yes,b3183d9f-0ecd-4f7e-9752-222fdcc3e083 041d419f-cf7b-468c-8a42-e1e95b7b2260,no,,2,open,beige_sand,non-dwarf_shrubs forbs soil,no,wildlife_disturbance,,1779430888452.jpg,0.2730224,37.4889037,1004.5,4.98,1779430953419.jpg,1779430961380.jpg,0.2729597,37.4891393,1004.3117950224217,4.6,1779431010267.jpg,0.2728371,37.4892734,1004.1174063092426,4.971,0.2730224 37.4889037 1004.5 4.98; 0.2729597 37.4891393 1004.3117950224217 4.6; 0.2728371 37.4892734 1004.1174063092426 4.971,yes,#c8cbcc,yes,0.2728371,37.4892734,1004.1174063092426,4.971,,,2026-05-22T08:23:45.630+02:00,SavMon_LW_Plot_05 (primary),SavMon_LW_Plot_05,uuid:87c34840-c21f-4ef4-af48-cb9cd97beeae,SavMon_LW_Plot_05,uuid:87c34840-c21f-4ef4-af48-cb9cd97beeae,2759,field-team-2,4,4,,,collect:demo-device-02,0,20260515145059
2026-05-21T11:46:28.678Z,,8f2c4e19-bf36-4482-a15b-1464fa64ee6b,Vehicle,3d8e9574-9d4d-4af3-90dd-bd381203f80a 32c9ea24-1a8d-41d6-8f2e-4a94b08ffacc 69eaf9dd-2138-4048-b18d-df95d9cb6411,3d8e9574-9d4d-4af3-90dd-bd381203f80a,Sam,586215d7-a037-471f-9b4c-a866f8066278 858076d3-1f5a-4aad-b9ad-1205828807e0,2026-05-21T13:40:13.907+02:00,2026,586215d7-a037-471f-9b4c-a866f8066278 858076d3-1f5a-4aad-b9ad-1205828807e0,savmon|lw|woody|ho savmon|lw|herbs|ho,Savanna Monitoring Pilot,SAVMON,LW,2026,0,lw_baseline,,0dc3e2bd-b285-42d5-b047-ac5172a3b61b,SavMon_LW_Plot_09 (primary),SavMon_LW_Plot_09,sb49mh4,savanna,primary,yes,,b430f4a0-306d-47a3-84eb-5e661e0ce0eb,Scrub,yes,yes,041d419f-cf7b-468c-8a42-e1e95b7b2260,no,,4,open,grey_sand,forbs soil litter,no,human_or_livestock_disturbance wildlife_disturbance,,1779363754242.jpg,0.2423013,37.4884265,981.4157711445741,4.95,1779363835694.jpg,1779363841897.jpg,0.2423874,37.4886530,988.4,2.65,1779363881540.jpg,0.2423873,37.4888286,988.5894994605744,2.6,0.2423013 37.4884265 981.4157711445741 4.95; 0.2423874 37.4886530 988.4 2.65; 0.2423873 37.4888286 988.5894994605744 2.6,yes,#c8cbcc,yes,0.2423716,37.4888248,988.5894994605744,2.533,,,2026-05-21T13:44:51.887+02:00,SavMon_LW_Plot_09 (primary),SavMon_LW_Plot_09,uuid:f072f568-8aab-4e1e-b6c9-b122e4955331,SavMon_LW_Plot_09,uuid:f072f568-8aab-4e1e-b6c9-b122e4955331,2759,field-team-2,4,4,,,collect:demo-device-02,0,20260515145059
2026-05-21T09:49:15.620Z,,8f2c4e19-bf36-4482-a15b-1464fa64ee6b,Vehicle,3d8e9574-9d4d-4af3-90dd-bd381203f80a 32c9ea24-1a8d-41d6-8f2e-4a94b08ffacc 69eaf9dd-2138-4048-b18d-df95d9cb6411,3d8e9574-9d4d-4af3-90dd-bd381203f80a,Sam,586215d7-a037-471f-9b4c-a866f8066278 858076d3-1f5a-4aad-b9ad-1205828807e0,2026-05-21T11:44:46.757+02:00,2026,586215d7-a037-471f-9b4c-a866f8066278 858076d3-1f5a-4aad-b9ad-1205828807e0,savmon|lw|woody|ho savmon|lw|herbs|ho,Savanna Monitoring Pilot,SAVMON,LW,2026,0,lw_baseline,,af3dc968-e531-4f35-894a-a57c843c3a9a,SavMon_LW_Plot_14 (primary),SavMon_LW_Plot_14,sb49m2h,savanna,primary,yes,,b430f4a0-306d-47a3-84eb-5e661e0ce0eb,Scrub,yes,no,,yes,Vachellia xanthophloea,2,open,grey_sand,grasses forbs non-dwarf_shrubs litter standing_npv soil,no,human_or_livestock_disturbance,,1779356805683.jpg,0.2208824,37.5025780,986.0497435661908,4.2,1779356845998.jpg,1779356852125.jpg,0.2208665,37.5026736,988.2114331891643,3.1,1779356890496.jpg,0.2208774,37.5029741,987.5831369879361,3.3,0.2208824 37.5025780 986.0497435661908 4.2; 0.2208665 37.5026736 988.2114331891643 3.1; 0.2208774 37.5029741 987.5831369879361 3.3,yes,#c8cbcc,yes,0.2208904,37.5029768,986.4777102786312,3.15,,,2026-05-21T11:48:22.118+02:00,SavMon_LW_Plot_14 (primary),SavMon_LW_Plot_14,uuid:9ba70294-21f0-4b42-8cf3-a9a445493177,SavMon_LW_Plot_14,uuid:9ba70294-21f0-4b42-8cf3-a9a445493177,2759,field-team-2,4,4,,,collect:demo-device-02,0,20260515145059
2026-05-21T08:27:04.036Z,,8f2c4e19-bf36-4482-a15b-1464fa64ee6b,Vehicle,3d8e9574-9d4d-4af3-90dd-bd381203f80a 32c9ea24-1a8d-41d6-8f2e-4a94b08ffacc 69eaf9dd-2138-4048-b18d-df95d9cb6411,3d8e9574-9d4d-4af3-90dd-bd381203f80a,Sam,586215d7-a037-471f-9b4c-a866f8066278 858076d3-1f5a-4aad-b9ad-1205828807e0,2026-05-21T10:07:21.709+02:00,2026,586215d7-a037-471f-9b4c-a866f8066278 858076d3-1f5a-4aad-b9ad-1205828807e0,savmon|lw|woody|ho savmon|lw|herbs|ho,Savanna Monitoring Pilot,SAVMON,LW,2026,0,lw_baseline,,9dd50ef0-e5d2-4897-b6db-0c5804373b86,SavMon_LW_Plot_10 (primary),SavMon_LW_Plot_10,sb49jrf,savanna,primary,yes,,b430f4a0-306d-47a3-84eb-5e661e0ce0eb,Scrub,yes,yes,041d419f-cf7b-468c-8a42-e1e95b7b2260 b3183d9f-0ecd-4f7e-9752-222fdcc3e083,no,,2,open,beige_sand,forbs soil non-dwarf_shrubs,no,wildlife_disturbance human_or_livestock_disturbance,,1779350995457.jpg,0.2197688,37.4988451,978.3110039484394,4.5,1779351119885.jpg,1779351127419.jpg,0.2197170,37.4990876,980.1165074801743,5.0,1779351167002.jpg,0.2195990,37.4993334,980.0,4.7,0.2197688 37.4988451 978.3110039484394 4.5; 0.2197170 37.4990876 980.1165074801743 5.0; 0.2195990 37.4993334 980.0 4.7,yes,#c8cbcc,yes,0.2195971,37.4993412,980.0,4.3,,,2026-05-21T10:12:56.569+02:00,SavMon_LW_Plot_10 (primary),SavMon_LW_Plot_10,uuid:6b24bbe4-6a7e-48ab-857a-9e888ed89565,SavMon_LW_Plot_10,uuid:6b24bbe4-6a7e-48ab-857a-9e888ed89565,2759,field-team-2,4,4,,,collect:demo-device-02,0,20260515145059
2026-05-20T16:59:01.977Z,,8f2c4e19-bf36-4482-a15b-1464fa64ee6b,Vehicle,3d8e9574-9d4d-4af3-90dd-bd381203f80a 32c9ea24-1a8d-41d6-8f2e-4a94b08ffacc 69eaf9dd-2138-4048-b18d-df95d9cb6411,3d8e9574-9d4d-4af3-90dd-bd381203f80a,Sam,586215d7-a037-471f-9b4c-a866f8066278 858076d3-1f5a-4aad-b9ad-1205828807e0,2026-05-20T16:40:37.657+02:00,2026,586215d7-a037-471f-9b4c-a866f8066278 858076d3-1f5a-4aad-b9ad-1205828807e0,savmon|lw|woody|ho savmon|lw|herbs|ho,Savanna Monitoring Pilot,SAVMON,LW,2026,0,lw_baseline,,8c172f11-fdb2-47bf-8c0b-1f34cd071afb,SavMon_LW_Plot_30 (primary),SavMon_LW_Plot_30,sb49m20,savanna,primary,yes,,b430f4a0-306d-47a3-84eb-5e661e0ce0eb,Scrub,yes,yes,041d419f-cf7b-468c-8a42-e1e95b7b2260,no,,4,open,beige_sand,soil litter grasses forbs,no,wildlife_disturbance human_or_livestock_disturbance,,1779288165217.jpg,0.2209465,37.4962888,975.7348022421983,4.666,1779288206036.jpg,1779288225171.jpg,0.2207736,37.4966092,975.7348022421983,4.5,1779288299262.jpg,0.2207899,37.4967193,974.1,3.0,0.2209465 37.4962888 975.7348022421983 4.666; 0.2207736 37.4966092 975.7348022421983 4.5; 0.2207899 37.4967193 974.1 3.0,yes,#c8cbcc,yes,,,,,,,2026-05-20T16:45:13.292+02:00,SavMon_LW_Plot_30 (primary),SavMon_LW_Plot_30,uuid:3ef91bce-5fea-4fa5-b1ce-ca89a8d65258,SavMon_LW_Plot_30,uuid:3ef91bce-5fea-4fa5-b1ce-ca89a8d65258,2758,field-team-1,4,4,,,collect:demo-device-01,0,20260515145059
2026-05-20T16:37:08.467Z,,8f2c4e19-bf36-4482-a15b-1464fa64ee6b,Vehicle,3d8e9574-9d4d-4af3-90dd-bd381203f80a 32c9ea24-1a8d-41d6-8f2e-4a94b08ffacc 69eaf9dd-2138-4048-b18d-df95d9cb6411,3d8e9574-9d4d-4af3-90dd-bd381203f80a,Sam,586215d7-a037-471f-9b4c-a866f8066278 858076d3-1f5a-4aad-b9ad-1205828807e0,2026-05-20T14:36:08.068+02:00,2026,586215d7-a037-471f-9b4c-a866f8066278 858076d3-1f5a-4aad-b9ad-1205828807e0,savmon|lw|woody|ho savmon|lw|herbs|ho,Savanna Monitoring Pilot,SAVMON,LW,2026,0,lw_baseline,,810aa56e-e50a-44ab-9ab8-42d1552c349a,SavMon_LW_Plot_03 (primary),SavMon_LW_Plot_03,sb49kb3,savanna,primary,yes,,b430f4a0-306d-47a3-84eb-5e661e0ce0eb,Scrub,yes,yes,041d419f-cf7b-468c-8a42-e1e95b7b2260,no,,4,closed,beige_sand,grasses soil forbs,no,wildlife_disturbance,,1779280876062.jpg,0.2221944,37.4758562,928.1999999999999,4.7,1779280973972.jpg,1779280986361.jpg,0.2220752,37.4761667,932.6738097582668,3.7,1779281075400.jpg,0.2220440,37.4763507,952.2102415539922,3.6,0.2221944 37.4758562 928.1999999999999 4.7; 0.2220752 37.4761667 932.6738097582668 3.7; 0.2220440 37.4763507 952.2102415539922 3.6,yes,#c8cbcc,yes,0.2220452,37.4763514,952.2102415539922,4.7,,,2026-05-20T14:44:51.129+02:00,SavMon_LW_Plot_03 (primary),SavMon_LW_Plot_03,uuid:b8dc94ac-c6c3-4603-ac53-bd6180079842,SavMon_LW_Plot_03,uuid:b8dc94ac-c6c3-4603-ac53-bd6180079842,2758,field-team-1,4,4,,,collect:demo-device-01,0,20260515145059
2026-05-20T16:09:26.020Z,,8f2c4e19-bf36-4482-a15b-1464fa64ee6b,Vehicle,3d8e9574-9d4d-4af3-90dd-bd381203f80a 32c9ea24-1a8d-41d6-8f2e-4a94b08ffacc 69eaf9dd-2138-4048-b18d-df95d9cb6411,3d8e9574-9d4d-4af3-90dd-bd381203f80a,Sam,586215d7-a037-471f-9b4c-a866f8066278 858076d3-1f5a-4aad-b9ad-1205828807e0,2026-05-20T12:01:50.971+02:00,2026,586215d7-a037-471f-9b4c-a866f8066278 858076d3-1f5a-4aad-b9ad-1205828807e0,savmon|lw|woody|ho savmon|lw|herbs|ho,Savanna Monitoring Pilot,SAVMON,LW,2026,0,lw_baseline,,042bc8a0-b02c-4046-bd2e-4efb8a8d655d,SavMon_LW_Plot_22 (primary),SavMon_LW_Plot_22,sb49k8x,savanna,primary,yes,,b430f4a0-306d-47a3-84eb-5e661e0ce0eb,Scrub,yes,yes,041d419f-cf7b-468c-8a42-e1e95b7b2260,no,,4,open,grey_sand,soil litter non-dwarf_shrubs grasses forbs,no,human_or_livestock_disturbance,,1779271496908.jpg,0.2231202,37.4733524,993.7839413584342,3.9,1779271553471.jpg,1779271560940.jpg,0.2231524,37.4735576,982.2839538395813,4.8,1779271673951.jpg,0.2235020,37.4738019,982.2839538395813,4.4,0.2231202 37.4733524 993.7839413584342 3.9; 0.2231524 37.4735576 982.2839538395813 4.8; 0.2235020 37.4738019 982.2839538395813 4.4,yes,#c8cbcc,yes,0.2235071,37.4738043,984.0839538395812,4.05,,,2026-05-20T12:08:07.022+02:00,SavMon_LW_Plot_22 (primary),SavMon_LW_Plot_22,uuid:be718512-4523-4876-9e16-82bb8902d753,SavMon_LW_Plot_22,uuid:be718512-4523-4876-9e16-82bb8902d753,2758,field-team-1,4,4,,,collect:demo-device-01,0,20260515145059
2026-05-19T16:15:47.797Z,,8f2c4e19-bf36-4482-a15b-1464fa64ee6b,Vehicle,3d8e9574-9d4d-4af3-90dd-bd381203f80a 32c9ea24-1a8d-41d6-8f2e-4a94b08ffacc 69eaf9dd-2138-4048-b18d-df95d9cb6411,3d8e9574-9d4d-4af3-90dd-bd381203f80a,Sam,586215d7-a037-471f-9b4c-a866f8066278 858076d3-1f5a-4aad-b9ad-1205828807e0,2026-05-19T15:09:15.433+02:00,2026,586215d7-a037-471f-9b4c-a866f8066278 858076d3-1f5a-4aad-b9ad-1205828807e0,savmon|lw|woody|ho savmon|lw|herbs|ho,Savanna Monitoring Pilot,SAVMON,LW,2026,0,lw_baseline,,887b967e-cfda-42f9-9762-85838f49c6c7,SavMon_LW_Plot_12 (primary),SavMon_LW_Plot_12,sb4963y,savanna,primary,yes,,b430f4a0-306d-47a3-84eb-5e661e0ce0eb,Scrub,yes,yes,f98a088b-5368-4b16-ad6d-dc3be99e6097 b3183d9f-0ecd-4f7e-9752-222fdcc3e083,no,,3,open,beige_sand,soil non-dwarf_shrubs forbs grasses,no,none,,1779196358475.jpg,0.2298601,37.3732217,987.3,4.8,1779196454578.jpg,1779196465064.jpg,0.2297991,37.3733041,989.8,4.92,1779196524614.jpg,0.2296556,37.3735386,988.9050689855421,5.0,0.2298601 37.3732217 987.3 4.8; 0.2297991 37.3733041 989.8 4.92; 0.2296556 37.3735386 988.9050689855421 5.0,yes,#c8cbcc,yes,0.2296351,37.3734376,988.8949310144578,4.15,,,2026-05-19T15:16:05.495+02:00,SavMon_LW_Plot_12 (primary),SavMon_LW_Plot_12,uuid:4caf46c5-ef16-4801-b168-120db41bf3b9,SavMon_LW_Plot_12,uuid:4caf46c5-ef16-4801-b168-120db41bf3b9,2758,field-team-1,4,4,,,collect:demo-device-01,0,20260515145059
2026-05-19T15:48:37.065Z,,8f2c4e19-bf36-4482-a15b-1464fa64ee6b,Vehicle,3d8e9574-9d4d-4af3-90dd-bd381203f80a 32c9ea24-1a8d-41d6-8f2e-4a94b08ffacc 69eaf9dd-2138-4048-b18d-df95d9cb6411,3d8e9574-9d4d-4af3-90dd-bd381203f80a,Sam,586215d7-a037-471f-9b4c-a866f8066278 858076d3-1f5a-4aad-b9ad-1205828807e0,2026-05-19T09:25:15.767+02:00,2026,858076d3-1f5a-4aad-b9ad-1205828807e0 586215d7-a037-471f-9b4c-a866f8066278,savmon|lw|woody|ho savmon|lw|herbs|ho,Savanna Monitoring Pilot,SAVMON,LW,2026,0,lw_baseline,,1920716b-0cc6-42b0-8ebf-90ece20050df,SavMon_LW_Plot_08 (primary),SavMon_LW_Plot_08,sb4961k,savanna,primary,yes,,b430f4a0-306d-47a3-84eb-5e661e0ce0eb,Scrub,yes,yes,041d419f-cf7b-468c-8a42-e1e95b7b2260,no,,3,open,beige_sand,grasses forbs non-dwarf_shrubs,no,none,,1779175713645.jpg,0.2278005,37.3591777,984.4537935753794,3.9,1779175771772.jpg,1779175778444.jpg,0.2277962,37.3593798,983.1999999999999,4.2,1779175816413.jpg,0.2276407,37.3595746,983.6731939673807,3.7,0.2278005 37.3591777 984.4537935753794 3.9; 0.2277962 37.3593798 983.1999999999999 4.2; 0.2276407 37.3595746 983.6731939673807 3.7,yes,#c8cbcc,yes,0.2276418,37.3595726,992.6839195047814,3.6,,,2026-05-19T09:30:31.864+02:00,SavMon_LW_Plot_08 (primary),SavMon_LW_Plot_08,uuid:e3e466a2-b1b9-40dd-8ba6-247b63c37cfc,SavMon_LW_Plot_08,uuid:e3e466a2-b1b9-40dd-8ba6-247b63c37cfc,2758,field-team-1,4,4,,,collect:demo-device-01,0,20260515145059
